/*
SQLyog Ultimate v11.3 (64 bit)
MySQL - 5.5.50 : Database - huawei
*********************************************************************
*/

/*!40101 SET NAMES utf8 */;

/*!40101 SET SQL_MODE=''*/;

/*!40014 SET @OLD_UNIQUE_CHECKS=@@UNIQUE_CHECKS, UNIQUE_CHECKS=0 */;
/*!40014 SET @OLD_FOREIGN_KEY_CHECKS=@@FOREIGN_KEY_CHECKS, FOREIGN_KEY_CHECKS=0 */;
/*!40101 SET @OLD_SQL_MODE=@@SQL_MODE, SQL_MODE='NO_AUTO_VALUE_ON_ZERO' */;
/*!40111 SET @OLD_SQL_NOTES=@@SQL_NOTES, SQL_NOTES=0 */;
CREATE DATABASE /*!32312 IF NOT EXISTS*/`huawei` /*!40100 DEFAULT CHARACTER SET utf8 */;

USE `huawei`;

/*Table structure for table `address` */

DROP TABLE IF EXISTS `address`;

CREATE TABLE `address` (
  `id` int(11) NOT NULL AUTO_INCREMENT COMMENT '主键',
  `huserid` int(11) DEFAULT NULL COMMENT '用户id',
  `aName` varchar(44) NOT NULL COMMENT '收货人',
  `phone` varchar(33) NOT NULL COMMENT '收货电话',
  `rePhone` varchar(44) NOT NULL COMMENT '备选号码',
  `country` varchar(44) NOT NULL COMMENT '收货地址',
  `detail` varchar(44) NOT NULL COMMENT '详细地址',
  `postcode` varchar(44) DEFAULT NULL COMMENT '邮编',
  PRIMARY KEY (`id`),
  KEY `fk_address_huser` (`huserid`),
  CONSTRAINT `fk_address_huser` FOREIGN KEY (`huserid`) REFERENCES `huser` (`id`)
) ENGINE=InnoDB AUTO_INCREMENT=47 DEFAULT CHARSET=utf8;

/*Data for the table `address` */

insert  into `address`(`id`,`huserid`,`aName`,`phone`,`rePhone`,`country`,`detail`,`postcode`) values (2,2,'李四','122032023','18824234','北京','故宫1','033423'),(3,3,'李四','122032023','18824234','北京','故宫2','033423'),(42,1,'李sir','13722699829','','河北省 邯郸市 肥乡区 旧店乡','中国蓝星',''),(43,1,'灵笼','13722699829','','河北省 邯郸市 肥乡区 旧店乡','天台山',''),(44,1,'王天笑','13722699829','','河北省 邯郸市 肥乡区 旧店乡','河北',''),(45,1,'忘地哭','13722699829','','河北省 邯郸市 肥乡区 旧店乡','土地',''),(46,1,'李冀琛','333333333','','河北省 邯郸市 肥乡区 旧店乡','啊啊啊啊啊啊啊啊啊啊','');

/*Table structure for table `admin` */

DROP TABLE IF EXISTS `admin`;

CREATE TABLE `admin` (
  `id` int(11) NOT NULL AUTO_INCREMENT COMMENT '主键',
  `aName` varchar(44) NOT NULL COMMENT '管理员名称',
  `aPassword` varchar(44) NOT NULL COMMENT '密码',
  PRIMARY KEY (`id`)
) ENGINE=InnoDB AUTO_INCREMENT=5 DEFAULT CHARSET=utf8;

/*Data for the table `admin` */

insert  into `admin`(`id`,`aName`,`aPassword`) values (1,'张三','123123'),(2,'张三1','123123'),(3,'张三2','123123'),(4,'admin','123123');

/*Table structure for table `appraise` */

DROP TABLE IF EXISTS `appraise`;

CREATE TABLE `appraise` (
  `id` int(11) NOT NULL AUTO_INCREMENT COMMENT '主键',
  `huserId` int(11) DEFAULT NULL COMMENT '用户id',
  `colorandConfigureId` int(11) DEFAULT NULL COMMENT '颜色跟配置id',
  `Appraisetime` datetime DEFAULT NULL COMMENT '评论时间',
  `Content` varchar(54) DEFAULT NULL COMMENT '评价内容',
  `Grade` int(11) DEFAULT NULL COMMENT '分数  1：一颗星\n				2：两颗星\n				3：三颗星\n				4：四颗星\n				5：五颗星',
  `Tags` int(11) DEFAULT NULL COMMENT '点赞',
  `Images` varchar(444) DEFAULT NULL COMMENT '图片',
  PRIMARY KEY (`id`),
  KEY `fk_Appraise_huserId` (`huserId`),
  KEY `fk_Appraise_colorandConfigureId` (`colorandConfigureId`),
  CONSTRAINT `fk_Appraise_colorandConfigureId` FOREIGN KEY (`colorandConfigureId`) REFERENCES `colorandconfigure` (`id`),
  CONSTRAINT `fk_Appraise_huserId` FOREIGN KEY (`huserId`) REFERENCES `huser` (`id`)
) ENGINE=InnoDB AUTO_INCREMENT=4 DEFAULT CHARSET=utf8;

/*Data for the table `appraise` */

insert  into `appraise`(`id`,`huserId`,`colorandConfigureId`,`Appraisetime`,`Content`,`Grade`,`Tags`,`Images`) values (1,1,1,NULL,'很好',5,0,'img'),(2,2,1,NULL,'很好',5,0,'img'),(3,3,1,NULL,'很好',5,0,'img');

/*Table structure for table `browse` */

DROP TABLE IF EXISTS `browse`;

CREATE TABLE `browse` (
  `id` int(11) NOT NULL AUTO_INCREMENT COMMENT '主键',
  `huserId` int(11) DEFAULT NULL COMMENT '用户id',
  `colorandConfigureId` int(11) DEFAULT NULL COMMENT '颜色跟配置id',
  `browseTime` datetime DEFAULT NULL COMMENT '浏览时间',
  PRIMARY KEY (`id`),
  KEY `fk_browse_huserId` (`huserId`),
  KEY `fk_browse_colorandConfigureId` (`colorandConfigureId`),
  CONSTRAINT `fk_browse_colorandConfigureId` FOREIGN KEY (`colorandConfigureId`) REFERENCES `colorandconfigure` (`id`),
  CONSTRAINT `fk_browse_huserId` FOREIGN KEY (`huserId`) REFERENCES `huser` (`id`)
) ENGINE=InnoDB AUTO_INCREMENT=4 DEFAULT CHARSET=utf8;

/*Data for the table `browse` */

insert  into `browse`(`id`,`huserId`,`colorandConfigureId`,`browseTime`) values (1,1,1,NULL),(2,1,2,NULL),(3,1,3,NULL);

/*Table structure for table `carousel` */

DROP TABLE IF EXISTS `carousel`;

CREATE TABLE `carousel` (
  `id` int(11) NOT NULL AUTO_INCREMENT COMMENT '主键',
  `orders` int(11) DEFAULT NULL COMMENT '顺序',
  `Image` varchar(113) DEFAULT NULL COMMENT '轮播图片',
  `href` varchar(423) DEFAULT NULL COMMENT '链接地址',
  `Colorandconfigureid` int(11) DEFAULT NULL COMMENT '颜色配置id',
  PRIMARY KEY (`id`),
  KEY `fk_carousel_Colorandconfigureid` (`Colorandconfigureid`),
  CONSTRAINT `fk_carousel_Colorandconfigureid` FOREIGN KEY (`Colorandconfigureid`) REFERENCES `colorandconfigure` (`id`)
) ENGINE=InnoDB AUTO_INCREMENT=16 DEFAULT CHARSET=utf8;

/*Data for the table `carousel` */

insert  into `carousel`(`id`,`orders`,`Image`,`href`,`Colorandconfigureid`) values (1,2,'homeimage/carouselimg/1.jpg',' http://baidu.com',1),(2,2,'homeimage/carouselimg/2.jpg','http://',2),(3,3,'homeimage/carouselimg/3.jpg','http://',3),(4,4,'homeimage/carouselimg/4.jpg','http://',4),(5,5,'homeimage/carouselimg/5.jpg','http://',5),(9,7,'homeimage/carouselimg/1.png','http://baidu.com',4),(11,7,'homeimage/carouselimg/2.png','http://baidu.com',4),(13,1,'homeimage/carouselimg/4.jpg','http://',159),(14,9,'homeimage/carouselimg/5.jpg','http://baidu.com',159),(15,11,'homeimage/carouselimg/1-1-2.png','http://baidu.com',1);

/*Table structure for table `category` */

DROP TABLE IF EXISTS `category`;

CREATE TABLE `category` (
  `id` int(11) NOT NULL AUTO_INCREMENT COMMENT '主键',
  `cName` varchar(44) NOT NULL COMMENT '种类名称',
  PRIMARY KEY (`id`)
) ENGINE=InnoDB AUTO_INCREMENT=25 DEFAULT CHARSET=utf8;

/*Data for the table `category` */

insert  into `category`(`id`,`cName`) values (1,'手机'),(2,'电脑'),(3,'平板'),(4,'智能穿戴&VR'),(5,'智能家居'),(6,'智慧屏'),(7,'耳机音箱'),(8,'配件'),(9,'生态产品'),(10,'增值服务&其他'),(21,'超级手表'),(23,'超级'),(24,'超级');

/*Table structure for table `color` */

DROP TABLE IF EXISTS `color`;

CREATE TABLE `color` (
  `id` int(11) NOT NULL AUTO_INCREMENT COMMENT '主键',
  `cName` varchar(44) NOT NULL COMMENT '商品颜色',
  PRIMARY KEY (`id`)
) ENGINE=InnoDB AUTO_INCREMENT=21 DEFAULT CHARSET=utf8;

/*Data for the table `color` */

insert  into `color`(`id`,`cName`) values (1,'幻夜黑'),(2,'鲽鱼d白'),(3,'鲽的f鱼白'),(4,'鲽d鱼d白'),(5,'鲽鱼d白'),(6,'鲽dd白'),(7,'鲽鱼ddd白'),(9,'鲽ddfa鱼dd白'),(10,'鲽'),(11,'鲽鱼d白'),(12,'鲽鱼dd白'),(13,'黑中黑'),(15,'无敌白'),(16,'白马白'),(17,'超级白'),(18,'白色'),(19,'黑'),(20,'中');

/*Table structure for table `colorandconfigure` */

DROP TABLE IF EXISTS `colorandconfigure`;

CREATE TABLE `colorandconfigure` (
  `id` int(11) NOT NULL AUTO_INCREMENT COMMENT '主键',
  `configureId` int(11) DEFAULT NULL COMMENT '配置id',
  `colorId` int(11) DEFAULT NULL COMMENT '颜色id',
  `store` int(11) DEFAULT NULL COMMENT '商品库存',
  `price` float DEFAULT NULL,
  `images` varchar(444) NOT NULL COMMENT '商品颜色图片',
  `title` varchar(44) NOT NULL COMMENT '配置商品标题',
  `descs` varchar(44) DEFAULT NULL COMMENT '配置商品描述',
  `promotionId` int(11) DEFAULT NULL COMMENT '促销id',
  `commodityId` int(11) DEFAULT NULL COMMENT '商品id',
  PRIMARY KEY (`id`),
  KEY `fk_colorandconfigure_configureId` (`configureId`),
  KEY `fk_colorandconfigure_colorId` (`colorId`),
  KEY `fk_colorandconfigure_promotionId` (`promotionId`),
  KEY `fk_colorandconfigure_commodityId` (`commodityId`),
  CONSTRAINT `fk_colorandconfigure_colorId` FOREIGN KEY (`colorId`) REFERENCES `color` (`id`),
  CONSTRAINT `fk_colorandconfigure_commodityId` FOREIGN KEY (`commodityId`) REFERENCES `commodity` (`id`),
  CONSTRAINT `fk_colorandconfigure_configureId` FOREIGN KEY (`configureId`) REFERENCES `configure` (`id`),
  CONSTRAINT `fk_colorandconfigure_promotionId` FOREIGN KEY (`promotionId`) REFERENCES `promotion` (`id`)
) ENGINE=InnoDB AUTO_INCREMENT=162 DEFAULT CHARSET=utf8;

/*Data for the table `colorandconfigure` */

insert  into `colorandconfigure`(`id`,`configureId`,`colorId`,`store`,`price`,`images`,`title`,`descs`,`promotionId`,`commodityId`) values (1,1,1,12,33300,'1-1-1.png;1-1-2.png;1-1-3.png;1-1-4.png;1-1-5.png;1-1-6.png;1-1-7.png;1-1-8.png;','荣耀30S 双模5G 麒麟820 5G SOC芯片 8GB+128GB 蝶羽白','【荣耀3机赢国内旅游大奖！②晒单赢荣耀耳机！③还有更多优惠券包等你拿！',1,1),(2,2,2,132,3299.99,'1-2-1.png;1-2-2.png;1-2-3.png;1-2-4.png;1-2-5.png;1-2-6.png;1-2-7.png;','荣耀30S 3双模5G 麒麟820 5G SOC芯片 8GB+128GB 蝶羽白','【荣耀30S新品】①购机赢国内旅游大奖！②晒单赢荣耀耳机！③还有更多优惠券包等你拿！',1,2),(3,3,3,12,3299.99,'1-3-1.png;1-3-2.png;1-3-3.png;1-3-4.png;1-3-5.png;','荣耀30S 双模5G 麒麟820 5G SOC芯片 8GB+128蝶羽白','【30S国内旅赢荣耀耳机！③还有更多优惠券包等你拿！',1,3),(4,4,4,132,3299.99,'1-4-1.png;1-4-2.png;1-4-3.png;1-4-4.png;1-4-5.png;','荣耀30S 3双模5G 麒麟820 5G SOC芯片 8GB+128GB 蝶羽白','【荣耀30S新品游大奖！②晒单赢荣耀耳机！③还有更多优惠券包等你拿！',1,4),(5,5,5,12,3299.99,'2-1-1.png;2-1-2.png;2-1-3.png;2-1-4.png;','荣耀30S 双模5G 麒麟820 5G SOC芯片 8GB+128GB 白','【荣耀30S新品】①购机赢国内旅晒单赢荣耀耳机！③还有更多优惠券包等你拿！',1,6),(6,6,6,132,3299.99,'2-2-1.jpg;2-2-2.png;2-2-3.png;2-2-4.png;2-2-5.png;2-2-6.png;','荣耀30S 3双模5G 麒麟820 5G芯片 8GB+128GB 蝶羽白','【荣耀30S新品】①购机赢国内旅游大奖！②晒单赢荣耀耳机！③还有更多优惠券包等你拿！',1,5),(7,7,7,12,3299.99,'3-1-1.jpg;3-1-2.png;3-1-3.png;3-1-4.png;3-1-5.png;','荣耀30S 双模5G 麒麟820 5G SOC芯片 8GB+1GB 蝶羽白','【荣耀30S新品】①购机赢国内法耀耳机！③还有更多优惠券包等你拿！',1,7),(8,1,1,12,33300,'1-1-1.png;1-1-2.png;1-1-3.png;1-1-4.png;1-1-5.png;1-1-6.png;1-1-7.png;1-1-8.png;','荣耀30S 双模5G 麒麟820 5G SOC芯片 8GB+128GB 蝶羽白','【荣耀3机赢国内旅游大奖！②晒单赢荣耀耳机！③还有更多优惠券包等你拿！',1,9),(9,2,2,132,3299.99,'1-2-1.png;1-2-2.png;1-2-3.png;1-2-4.png;1-2-5.png;1-2-6.png;1-2-7.png;','荣耀30S 3双模5G 麒麟820 5G SOC芯片 8GB+128GB 蝶羽白','【荣耀30S新品】①购机赢国内旅游大奖！②晒单赢荣耀耳机！③还有更多优惠券包等你拿！',1,8),(10,3,3,12,3299.99,'1-3-1.png;1-3-2.png;1-3-3.png;1-3-4.png;1-3-5.png;','荣耀30S 双模5G 麒麟820 5G SOC芯片 8GB+128蝶羽白','【30S国内旅赢荣耀耳机！③还有更多优惠券包等你拿！',1,10),(11,4,4,132,3299.99,'1-4-1.png;1-4-2.png;1-4-3.png;1-4-4.png;1-4-5.png;','荣耀30S 3双模5G 麒麟820 5G SOC芯片 8GB+128GB 蝶羽白','【荣耀30S新品游大奖！②晒单赢荣耀耳机！③还有更多优惠券包等你拿！',1,11),(12,5,5,12,3299.99,'2-1-1.png;2-1-2.png;2-1-3.png;2-1-4.png;','荣耀30S 双模5G 麒麟820 5G SOC芯片 8GB+128GB 白','【荣耀30S新品】①购机赢国内旅晒单赢荣耀耳机！③还有更多优惠券包等你拿！',1,12),(13,6,6,132,3299.99,'2-2-1.jpg;2-2-2.png;2-2-3.png;2-2-4.png;2-2-5.png;2-2-6.png;','荣耀30S 3双模5G 麒麟820 5G芯片 8GB+128GB 蝶羽白','【荣耀30S新品】①购机赢国内旅游大奖！②晒单赢荣耀耳机！③还有更多优惠券包等你拿！',1,13),(14,7,7,12,3299.99,'3-1-1.jpg;3-1-2.png;3-1-3.png;3-1-4.png;3-1-5.png;','荣耀30S 双模5G 麒麟820 5G SOC芯片 8GB+1GB 蝶羽白','【荣耀30S新品】①购机赢国内法耀耳机！③还有更多优惠券包等你拿！',2,7),(15,1,1,12,33300,'1-1-1.png;1-1-2.png;1-1-3.png;1-1-4.png;1-1-5.png;1-1-6.png;1-1-7.png;1-1-8.png;','荣耀30S 双模5G 麒麟820 5G SOC芯片 8GB+128GB 蝶羽白','【荣耀3机赢国内旅游大奖！②晒单赢荣耀耳机！③还有更多优惠券包等你拿！',1,14),(16,2,2,132,3299.99,'1-2-1.png;1-2-2.png;1-2-3.png;1-2-4.png;1-2-5.png;1-2-6.png;1-2-7.png;','荣耀30S 3双模5G 麒麟820 5G SOC芯片 8GB+128GB 蝶羽白','【荣耀30S新品】①购机赢国内旅游大奖！②晒单赢荣耀耳机！③还有更多优惠券包等你拿！',1,25),(17,3,3,12,3299.99,'1-3-1.png;1-3-2.png;1-3-3.png;1-3-4.png;1-3-5.png;','荣耀30S 双模5G 麒麟820 5G SOC芯片 8GB+128蝶羽白','【30S国内旅赢荣耀耳机！③还有更多优惠券包等你拿！',1,14),(18,4,4,132,3299.99,'1-4-1.png;1-4-2.png;1-4-3.png;1-4-4.png;1-4-5.png;','荣耀30S 3双模5G 麒麟820 5G SOC芯片 8GB+128GB 蝶羽白','【荣耀30S新品游大奖！②晒单赢荣耀耳机！③还有更多优惠券包等你拿！',1,16),(19,5,5,12,3299.99,'2-1-1.png;2-1-2.png;2-1-3.png;2-1-4.png;','荣耀30S 双模5G 麒麟820 5G SOC芯片 8GB+128GB 白','【荣耀30S新品】①购机赢国内旅晒单赢荣耀耳机！③还有更多优惠券包等你拿！',1,17),(20,6,6,132,3299.99,'2-2-1.jpg;2-2-2.png;2-2-3.png;2-2-4.png;2-2-5.png;2-2-6.png;','荣耀30S 3双模5G 麒麟820 5G芯片 8GB+128GB 蝶羽白','【荣耀30S新品】①购机赢国内旅游大奖！②晒单赢荣耀耳机！③还有更多优惠券包等你拿！',1,18),(21,7,7,12,3299.99,'3-1-1.jpg;3-1-2.png;3-1-3.png;3-1-4.png;3-1-5.png;','荣耀30S 双模5G 麒麟820 5G SOC芯片 8GB+1GB 蝶羽白','【荣耀30S新品】①购机赢国内法耀耳机！③还有更多优惠券包等你拿！',1,19),(22,1,1,12,33300,'1-1-1.png;1-1-2.png;1-1-3.png;1-1-4.png;1-1-5.png;1-1-6.png;1-1-7.png;1-1-8.png;','荣耀30S 双模5G 麒麟820 5G SOC芯片 8GB+128GB 蝶羽白','【荣耀3机赢国内旅游大奖！②晒单赢荣耀耳机！③还有更多优惠券包等你拿！',1,20),(23,2,2,132,3299.99,'1-2-1.png;1-2-2.png;1-2-3.png;1-2-4.png;1-2-5.png;1-2-6.png;1-2-7.png;','荣耀30S 3双模5G 麒麟820 5G SOC芯片 8GB+128GB 蝶羽白','【荣耀30S新品】①购机赢国内旅游大奖！②晒单赢荣耀耳机！③还有更多优惠券包等你拿！',1,21),(24,3,3,12,3299.99,'1-3-1.png;1-3-2.png;1-3-3.png;1-3-4.png;1-3-5.png;','荣耀30S 双模5G 麒麟820 5G SOC芯片 8GB+128蝶羽白','【30S国内旅赢荣耀耳机！③还有更多优惠券包等你拿！',1,33),(25,4,4,132,3299.99,'1-4-1.png;1-4-2.png;1-4-3.png;1-4-4.png;1-4-5.png;','荣耀30S 3双模5G 麒麟820 5G SOC芯片 8GB+128GB 蝶羽白','【荣耀30S新品游大奖！②晒单赢荣耀耳机！③还有更多优惠券包等你拿！',1,42),(26,5,5,12,3299.99,'2-1-1.png;2-1-2.png;2-1-3.png;2-1-4.png;','荣耀30S 双模5G 麒麟820 5G SOC芯片 8GB+128GB 白','【荣耀30S新品】①购机赢国内旅晒单赢荣耀耳机！③还有更多优惠券包等你拿！',1,61),(27,6,6,132,3299.99,'2-2-1.jpg;2-2-2.png;2-2-3.png;2-2-4.png;2-2-5.png;2-2-6.png;','荣耀30S 3双模5G 麒麟820 5G芯片 8GB+128GB 蝶羽白','【荣耀30S新品】①购机赢国内旅游大奖！②晒单赢荣耀耳机！③还有更多优惠券包等你拿！',1,51),(28,7,7,12,3299.99,'3-1-1.jpg;3-1-2.png;3-1-3.png;3-1-4.png;3-1-5.png;','荣耀30S 双模5G 麒麟820 5G SOC芯片 8GB+1GB 蝶羽白','【荣耀30S新品】①购机赢国内法耀耳机！③还有更多优惠券包等你拿！',1,17),(29,1,1,12,33300,'1-1-1.png;1-1-2.png;1-1-3.png;1-1-4.png;1-1-5.png;1-1-6.png;1-1-7.png;1-1-8.png;','荣耀30S 双模5G 麒麟820 5G SOC芯片 8GB+128GB 蝶羽白','【荣耀3机赢国内旅游大奖！②晒单赢荣耀耳机！③还有更多优惠券包等你拿！',11,11),(30,2,2,132,3299.99,'1-2-1.png;1-2-2.png;1-2-3.png;1-2-4.png;1-2-5.png;1-2-6.png;1-2-7.png;','荣耀30S 3双模5G 麒麟820 5G SOC芯片 8GB+128GB 蝶羽白','【荣耀30S新品】①购机赢国内旅游大奖！②晒单赢荣耀耳机！③还有更多优惠券包等你拿！',4,12),(31,3,3,12,3299.99,'1-3-1.png;1-3-2.png;1-3-3.png;1-3-4.png;1-3-5.png;','荣耀30S 双模5G 麒麟820 5G SOC芯片 8GB+128蝶羽白','【30S国内旅赢荣耀耳机！③还有更多优惠券包等你拿！',3,31),(32,4,4,132,3299.99,'1-4-1.png;1-4-2.png;1-4-3.png;1-4-4.png;1-4-5.png;','荣耀30S 3双模5G 麒麟820 5G SOC芯片 8GB+128GB 蝶羽白','【荣耀30S新品游大奖！②晒单赢荣耀耳机！③还有更多优惠券包等你拿！',1,3),(33,5,5,12,3299.99,'2-1-1.png;2-1-2.png;2-1-3.png;2-1-4.png;','荣耀30S 双模5G 麒麟820 5G SOC芯片 8GB+128GB 白','【荣耀30S新品】①购机赢国内旅晒单赢荣耀耳机！③还有更多优惠券包等你拿！',1,4),(34,6,6,132,3299.99,'2-2-1.jpg;2-2-2.png;2-2-3.png;2-2-4.png;2-2-5.png;2-2-6.png;','荣耀30S 3双模5G 麒麟820 5G芯片 8GB+128GB 蝶羽白','【荣耀30S新品】①购机赢国内旅游大奖！②晒单赢荣耀耳机！③还有更多优惠券包等你拿！',1,55),(35,7,7,12,3299.99,'3-1-1.jpg;3-1-2.png;3-1-3.png;3-1-4.png;3-1-5.png;','荣耀30S 双模5G 麒麟820 5G SOC芯片 8GB+1GB 蝶羽白','【荣耀30S新品】①购机赢国内法耀耳机！③还有更多优惠券包等你拿！',1,27),(36,1,1,12,33300,'1-1-1.png;1-1-2.png;1-1-3.png;1-1-4.png;1-1-5.png;1-1-6.png;1-1-7.png;1-1-8.png;','荣耀30S 双模5G 麒麟820 5G SOC芯片 8GB+128GB 蝶羽白','【荣耀3机赢国内旅游大奖！②晒单赢荣耀耳机！③还有更多优惠券包等你拿！',1,31),(37,2,2,132,3299.99,'1-2-1.png;1-2-2.png;1-2-3.png;1-2-4.png;1-2-5.png;1-2-6.png;1-2-7.png;','荣耀30S 3双模5G 麒麟820 5G SOC芯片 8GB+128GB 蝶羽白','【荣耀30S新品】①购机赢国内旅游大奖！②晒单赢荣耀耳机！③还有更多优惠券包等你拿！',1,32),(38,3,3,12,3299.99,'1-3-1.png;1-3-2.png;1-3-3.png;1-3-4.png;1-3-5.png;','荣耀30S 双模5G 麒麟820 5G SOC芯片 8GB+128蝶羽白','【30S国内旅赢荣耀耳机！③还有更多优惠券包等你拿！',1,23),(39,4,4,132,3299.99,'1-4-1.png;1-4-2.png;1-4-3.png;1-4-4.png;1-4-5.png;','荣耀30S 3双模5G 麒麟820 5G SOC芯片 8GB+128GB 蝶羽白','【荣耀30S新品游大奖！②晒单赢荣耀耳机！③还有更多优惠券包等你拿！',1,44),(40,5,5,12,3299.99,'2-1-1.png;2-1-2.png;2-1-3.png;2-1-4.png;','荣耀30S 双模5G 麒麟820 5G SOC芯片 8GB+128GB 白','【荣耀30S新品】①购机赢国内旅晒单赢荣耀耳机！③还有更多优惠券包等你拿！',1,26),(41,6,6,132,3299.99,'2-2-1.jpg;2-2-2.png;2-2-3.png;2-2-4.png;2-2-5.png;2-2-6.png;','荣耀30S 3双模5G 麒麟820 5G芯片 8GB+128GB 蝶羽白','【荣耀30S新品】①购机赢国内旅游大奖！②晒单赢荣耀耳机！③还有更多优惠券包等你拿！',1,45),(42,7,7,12,3299.99,'3-1-1.jpg;3-1-2.png;3-1-3.png;3-1-4.png;3-1-5.png;','荣耀30S 双模5G 麒麟820 5G SOC芯片 8GB+1GB 蝶羽白','【荣耀30S新品】①购机赢国内法耀耳机！③还有更多优惠券包等你拿！',1,17),(43,1,1,12,33300,'1-1-1.png;1-1-2.png;1-1-3.png;1-1-4.png;1-1-5.png;1-1-6.png;1-1-7.png;1-1-8.png;','荣耀30S 双模5G 麒麟820 5G SOC芯片 8GB+128GB 蝶羽白','【荣耀3机赢国内旅游大奖！②晒单赢荣耀耳机！③还有更多优惠券包等你拿！',1,11),(44,2,2,132,3299.99,'1-2-1.png;1-2-2.png;1-2-3.png;1-2-4.png;1-2-5.png;1-2-6.png;1-2-7.png;','荣耀30S 3双模5G 麒麟820 5G SOC芯片 8GB+128GB 蝶羽白','【荣耀30S新品】①购机赢国内旅游大奖！②晒单赢荣耀耳机！③还有更多优惠券包等你拿！',1,22),(45,3,3,12,3299.99,'1-3-1.png;1-3-2.png;1-3-3.png;1-3-4.png;1-3-5.png;','荣耀30S 双模5G 麒麟820 5G SOC芯片 8GB+128蝶羽白','【30S国内旅赢荣耀耳机！③还有更多优惠券包等你拿！',1,23),(46,4,4,132,3299.99,'1-4-1.png;1-4-2.png;1-4-3.png;1-4-4.png;1-4-5.png;','荣耀30S 3双模5G 麒麟820 5G SOC芯片 8GB+128GB 蝶羽白','【荣耀30S新品游大奖！②晒单赢荣耀耳机！③还有更多优惠券包等你拿！',1,43),(47,5,5,12,3299.99,'2-1-1.png;2-1-2.png;2-1-3.png;2-1-4.png;','荣耀30S 双模5G 麒麟820 5G SOC芯片 8GB+128GB 白','【荣耀30S新品】①购机赢国内旅晒单赢荣耀耳机！③还有更多优惠券包等你拿！',1,43),(48,6,6,132,3299.99,'2-2-1.jpg;2-2-2.png;2-2-3.png;2-2-4.png;2-2-5.png;2-2-6.png;','荣耀30S 3双模5G 麒麟820 5G芯片 8GB+128GB 蝶羽白','【荣耀30S新品】①购机赢国内旅游大奖！②晒单赢荣耀耳机！③还有更多优惠券包等你拿！',1,51),(49,7,7,12,3299.99,'3-1-1.jpg;3-1-2.png;3-1-3.png;3-1-4.png;3-1-5.png;','荣耀30S 双模5G 麒麟820 5G SOC芯片 8GB+1GB 蝶羽白','【荣耀30S新品】①购机赢国内法耀耳机！③还有更多优惠券包等你拿！',1,17),(50,1,1,12,33300,'1-1-1.png;1-1-2.png;1-1-3.png;1-1-4.png;1-1-5.png;1-1-6.png;1-1-7.png;1-1-8.png;','荣耀30S 双模5G 麒麟820 5G SOC芯片 8GB+128GB 蝶羽白','【荣耀3机赢国内旅游大奖！②晒单赢荣耀耳机！③还有更多优惠券包等你拿！',1,21),(51,2,2,132,3299.99,'1-2-1.png;1-2-2.png;1-2-3.png;1-2-4.png;1-2-5.png;1-2-6.png;1-2-7.png;','荣耀30S 3双模5G 麒麟820 5G SOC芯片 8GB+128GB 蝶羽白','【荣耀30S新品】①购机赢国内旅游大奖！②晒单赢荣耀耳机！③还有更多优惠券包等你拿！',1,32),(52,3,3,12,3299.99,'1-3-1.png;1-3-2.png;1-3-3.png;1-3-4.png;1-3-5.png;','荣耀30S 双模5G 麒麟820 5G SOC芯片 8GB+128蝶羽白','【30S国内旅赢荣耀耳机！③还有更多优惠券包等你拿！',1,31),(53,4,4,132,3299.99,'1-4-1.png;1-4-2.png;1-4-3.png;1-4-4.png;1-4-5.png;','荣耀30S 3双模5G 麒麟820 5G SOC芯片 8GB+128GB 蝶羽白','【荣耀30S新品游大奖！②晒单赢荣耀耳机！③还有更多优惠券包等你拿！',1,34),(54,5,5,12,3299.99,'2-1-1.png;2-1-2.png;2-1-3.png;2-1-4.png;','荣耀30S 双模5G 麒麟820 5G SOC芯片 8GB+128GB 白','【荣耀30S新品】①购机赢国内旅晒单赢荣耀耳机！③还有更多优惠券包等你拿！',1,16),(55,6,6,132,3299.99,'2-2-1.jpg;2-2-2.png;2-2-3.png;2-2-4.png;2-2-5.png;2-2-6.png;','荣耀30S 3双模5G 麒麟820 5G芯片 8GB+128GB 蝶羽白','【荣耀30S新品】①购机赢国内旅游大奖！②晒单赢荣耀耳机！③还有更多优惠券包等你拿！',1,45),(56,7,7,12,3299.99,'3-1-1.jpg;3-1-2.png;3-1-3.png;3-1-4.png;3-1-5.png;','荣耀30S 双模5G 麒麟820 5G SOC芯片 8GB+1GB 蝶羽白','【荣耀30S新品】①购机赢国内法耀耳机！③还有更多优惠券包等你拿！',2,7),(57,1,1,12,33300,'1-1-1.png;1-1-2.png;1-1-3.png;1-1-4.png;1-1-5.png;1-1-6.png;1-1-7.png;1-1-8.png;','荣耀30S 双模5G 麒麟820 5G SOC芯片 8GB+128GB 蝶羽白','【荣耀3机赢国内旅游大奖！②晒单赢荣耀耳机！③还有更多优惠券包等你拿！',1,21),(58,2,2,132,3299.99,'1-2-1.png;1-2-2.png;1-2-3.png;1-2-4.png;1-2-5.png;1-2-6.png;1-2-7.png;','荣耀30S 3双模5G 麒麟820 5G SOC芯片 8GB+128GB 蝶羽白','【荣耀30S新品】①购机赢国内旅游大奖！②晒单赢荣耀耳机！③还有更多优惠券包等你拿！',1,42),(59,3,3,12,3299.99,'1-3-1.png;1-3-2.png;1-3-3.png;1-3-4.png;1-3-5.png;','荣耀30S 双模5G 麒麟820 5G SOC芯片 8GB+128蝶羽白','【30S国内旅赢荣耀耳机！③还有更多优惠券包等你拿！',4,3),(60,4,4,132,3299.99,'1-4-1.png;1-4-2.png;1-4-3.png;1-4-4.png;1-4-5.png;','荣耀30S 3双模5G 麒麟820 5G SOC芯片 8GB+128GB 蝶羽白','【荣耀30S新品游大奖！②晒单赢荣耀耳机！③还有更多优惠券包等你拿！',3,4),(61,5,5,12,3299.99,'2-1-1.png;2-1-2.png;2-1-3.png;2-1-4.png;','荣耀30S 双模5G 麒麟820 5G SOC芯片 8GB+128GB 白','【荣耀30S新品】①购机赢国内旅晒单赢荣耀耳机！③还有更多优惠券包等你拿！',5,6),(62,6,6,132,3299.99,'2-2-1.jpg;2-2-2.png;2-2-3.png;2-2-4.png;2-2-5.png;2-2-6.png;','荣耀30S 3双模5G 麒麟820 5G芯片 8GB+128GB 蝶羽白','【荣耀30S新品】①购机赢国内旅游大奖！②晒单赢荣耀耳机！③还有更多优惠券包等你拿！',2,5),(63,7,7,12,3299.99,'3-1-1.jpg;3-1-2.png;3-1-3.png;3-1-4.png;3-1-5.png;','荣耀30S 双模5G 麒麟820 5G SOC芯片 8GB+1GB 蝶羽白','【荣耀30S新品】①购机赢国内法耀耳机！③还有更多优惠券包等你拿！',3,7),(64,1,1,12,33300,'1-1-1.png;1-1-2.png;1-1-3.png;1-1-4.png;1-1-5.png;1-1-6.png;1-1-7.png;1-1-8.png;','荣耀30S 双模5G 麒麟820 5G SOC芯片 8GB+128GB 蝶羽白','【荣耀3机赢国内旅游大奖！②晒单赢荣耀耳机！③还有更多优惠券包等你拿！',2,1),(65,2,2,132,3299.99,'1-2-1.png;1-2-2.png;1-2-3.png;1-2-4.png;1-2-5.png;1-2-6.png;1-2-7.png;','荣耀30S 3双模5G 麒麟820 5G SOC芯片 8GB+128GB 蝶羽白','【荣耀30S新品】①购机赢国内旅游大奖！②晒单赢荣耀耳机！③还有更多优惠券包等你拿！',4,2),(66,3,3,12,3299.99,'1-3-1.png;1-3-2.png;1-3-3.png;1-3-4.png;1-3-5.png;','荣耀30S 双模5G 麒麟820 5G SOC芯片 8GB+128蝶羽白','【30S国内旅赢荣耀耳机！③还有更多优惠券包等你拿！',3,3),(67,4,4,132,3299.99,'1-4-1.png;1-4-2.png;1-4-3.png;1-4-4.png;1-4-5.png;','荣耀30S 3双模5G 麒麟820 5G SOC芯片 8GB+128GB 蝶羽白','【荣耀30S新品游大奖！②晒单赢荣耀耳机！③还有更多优惠券包等你拿！',1,43),(68,5,5,12,3299.99,'2-1-1.png;2-1-2.png;2-1-3.png;2-1-4.png;','荣耀30S 双模5G 麒麟820 5G SOC芯片 8GB+128GB 白','【荣耀30S新品】①购机赢国内旅晒单赢荣耀耳机！③还有更多优惠券包等你拿！',1,6),(69,6,6,132,3299.99,'2-2-1.jpg;2-2-2.png;2-2-3.png;2-2-4.png;2-2-5.png;2-2-6.png;','荣耀30S 3双模5G 麒麟820 5G芯片 8GB+128GB 蝶羽白','【荣耀30S新品】①购机赢国内旅游大奖！②晒单赢荣耀耳机！③还有更多优惠券包等你拿！',3,15),(70,7,7,12,3299.99,'3-1-1.jpg;3-1-2.png;3-1-3.png;3-1-4.png;3-1-5.png;','荣耀30S 双模5G 麒麟820 5G SOC芯片 8GB+1GB 蝶羽白','【荣耀30S新品】①购机赢国内法耀耳机！③还有更多优惠券包等你拿！',6,1),(71,1,1,12,33300,'1-1-1.png;1-1-2.png;1-1-3.png;1-1-4.png;1-1-5.png;1-1-6.png;1-1-7.png;1-1-8.png;','荣耀30S 双模5G 麒麟820 5G SOC芯片 8GB+128GB 蝶羽白','【荣耀3机赢国内旅游大奖！②晒单赢荣耀耳机！③还有更多优惠券包等你拿！',1,13),(72,2,2,132,3299.99,'1-2-1.png;1-2-2.png;1-2-3.png;1-2-4.png;1-2-5.png;1-2-6.png;1-2-7.png;','荣耀30S 3双模5G 麒麟820 5G SOC芯片 8GB+128GB 蝶羽白','【荣耀30S新品】①购机赢国内旅游大奖！②晒单赢荣耀耳机！③还有更多优惠券包等你拿！',1,32),(73,3,3,12,3299.99,'1-3-1.png;1-3-2.png;1-3-3.png;1-3-4.png;1-3-5.png;','荣耀30S 双模5G 麒麟820 5G SOC芯片 8GB+128蝶羽白','【30S国内旅赢荣耀耳机！③还有更多优惠券包等你拿！',1,33),(74,4,4,132,3299.99,'1-4-1.png;1-4-2.png;1-4-3.png;1-4-4.png;1-4-5.png;','荣耀30S 3双模5G 麒麟820 5G SOC芯片 8GB+128GB 蝶羽白','【荣耀30S新品游大奖！②晒单赢荣耀耳机！③还有更多优惠券包等你拿！',3,41),(75,5,5,12,3299.99,'2-1-1.png;2-1-2.png;2-1-3.png;2-1-4.png;','荣耀30S 双模5G 麒麟820 5G SOC芯片 8GB+128GB 白','【荣耀30S新品】①购机赢国内旅晒单赢荣耀耳机！③还有更多优惠券包等你拿！',4,1),(76,6,6,132,3299.99,'2-2-1.jpg;2-2-2.png;2-2-3.png;2-2-4.png;2-2-5.png;2-2-6.png;','荣耀30S 3双模5G 麒麟820 5G芯片 8GB+128GB 蝶羽白','【荣耀30S新品】①购机赢国内旅游大奖！②晒单赢荣耀耳机！③还有更多优惠券包等你拿！',5,6),(77,7,7,12,3299.99,'3-1-1.jpg;3-1-2.png;3-1-3.png;3-1-4.png;3-1-5.png;','荣耀30S 双模5G 麒麟820 5G SOC芯片 8GB+1GB 蝶羽白','【荣耀30S新品】①购机赢国内法耀耳机！③还有更多优惠券包等你拿！',7,7),(78,1,1,12,33300,'1-1-1.png;1-1-2.png;1-1-3.png;1-1-4.png;1-1-5.png;1-1-6.png;1-1-7.png;1-1-8.png;','荣耀30S 双模5G 麒麟820 5G SOC芯片 8GB+128GB 蝶羽白','【荣耀3机赢国内旅游大奖！②晒单赢荣耀耳机！③还有更多优惠券包等你拿！',8,2),(79,2,2,132,3299.99,'1-2-1.png;1-2-2.png;1-2-3.png;1-2-4.png;1-2-5.png;1-2-6.png;1-2-7.png;','荣耀30S 3双模5G 麒麟820 5G SOC芯片 8GB+128GB 蝶羽白','【荣耀30S新品】①购机赢国内旅游大奖！②晒单赢荣耀耳机！③还有更多优惠券包等你拿！',1,32),(80,3,3,12,3299.99,'1-3-1.png;1-3-2.png;1-3-3.png;1-3-4.png;1-3-5.png;','荣耀30S 双模5G 麒麟820 5G SOC芯片 8GB+128蝶羽白','【30S国内旅赢荣耀耳机！③还有更多优惠券包等你拿！',4,12),(81,4,4,132,3299.99,'1-4-1.png;1-4-2.png;1-4-3.png;1-4-4.png;1-4-5.png;','荣耀30S 3双模5G 麒麟820 5G SOC芯片 8GB+128GB 蝶羽白','【荣耀30S新品游大奖！②晒单赢荣耀耳机！③还有更多优惠券包等你拿！',6,12),(82,5,5,12,3299.99,'2-1-1.png;2-1-2.png;2-1-3.png;2-1-4.png;','荣耀30S 双模5G 麒麟820 5G SOC芯片 8GB+128GB 白','【荣耀30S新品】①购机赢国内旅晒单赢荣耀耳机！③还有更多优惠券包等你拿！',2,6),(83,6,6,132,3299.99,'2-2-1.jpg;2-2-2.png;2-2-3.png;2-2-4.png;2-2-5.png;2-2-6.png;','荣耀30S 3双模5G 麒麟820 5G芯片 8GB+128GB 蝶羽白','【荣耀30S新品】①购机赢国内旅游大奖！②晒单赢荣耀耳机！③还有更多优惠券包等你拿！',4,52),(84,7,7,12,3299.99,'3-1-1.jpg;3-1-2.png;3-1-3.png;3-1-4.png;3-1-5.png;','荣耀30S 双模5G 麒麟820 5G SOC芯片 8GB+1GB 蝶羽白','【荣耀30S新品】①购机赢国内法耀耳机！③还有更多优惠券包等你拿！',1,7),(85,1,1,12,33300,'1-1-1.png;1-1-2.png;1-1-3.png;1-1-4.png;1-1-5.png;1-1-6.png;1-1-7.png;1-1-8.png;','荣耀30S 双模5G 麒麟820 5G SOC芯片 8GB+128GB 蝶羽白','【荣耀3机赢国内旅游大奖！②晒单赢荣耀耳机！③还有更多优惠券包等你拿！',2,57),(86,2,2,132,3299.99,'1-2-1.png;1-2-2.png;1-2-3.png;1-2-4.png;1-2-5.png;1-2-6.png;1-2-7.png;','荣耀30S 3双模5G 麒麟820 5G SOC芯片 8GB+128GB 蝶羽白','【荣耀30S新品】①购机赢国内旅游大奖！②晒单赢荣耀耳机！③还有更多优惠券包等你拿！',6,32),(87,3,3,12,3299.99,'1-3-1.png;1-3-2.png;1-3-3.png;1-3-4.png;1-3-5.png;','荣耀30S 双模5G 麒麟820 5G SOC芯片 8GB+128蝶羽白','【30S国内旅赢荣耀耳机！③还有更多优惠券包等你拿！',6,33),(88,4,4,132,3299.99,'1-4-1.png;1-4-2.png;1-4-3.png;1-4-4.png;1-4-5.png;','荣耀30S 3双模5G 麒麟820 5G SOC芯片 8GB+128GB 蝶羽白','【荣耀30S新品游大奖！②晒单赢荣耀耳机！③还有更多优惠券包等你拿！',7,44),(89,5,5,12,3299.99,'2-1-1.png;2-1-2.png;2-1-3.png;2-1-4.png;','荣耀30S 双模5G 麒麟820 5G SOC芯片 8GB+128GB 白','【荣耀30S新品】①购机赢国内旅晒单赢荣耀耳机！③还有更多优惠券包等你拿！',7,6),(90,6,6,132,3299.99,'2-2-1.jpg;2-2-2.png;2-2-3.png;2-2-4.png;2-2-5.png;2-2-6.png;','荣耀30S 3双模5G 麒麟820 5G芯片 8GB+128GB 蝶羽白','【荣耀30S新品】①购机赢国内旅游大奖！②晒单赢荣耀耳机！③还有更多优惠券包等你拿！',7,5),(91,7,7,12,3299.99,'3-1-1.jpg;3-1-2.png;3-1-3.png;3-1-4.png;3-1-5.png;','荣耀30S 双模5G 麒麟820 5G SOC芯片 8GB+1GB 蝶羽白','【荣耀30S新品】①购机赢国内法耀耳机！③还有更多优惠券包等你拿！',11,7),(92,1,1,12,33300,'1-1-1.png;1-1-2.png;1-1-3.png;1-1-4.png;1-1-5.png;1-1-6.png;1-1-7.png;1-1-8.png;','荣耀30S 双模5G 麒麟820 5G SOC芯片 8GB+128GB 蝶羽白','【荣耀3机赢国内旅游大奖！②晒单赢荣耀耳机！③还有更多优惠券包等你拿！',7,31),(93,2,2,132,3299.99,'1-2-1.png;1-2-2.png;1-2-3.png;1-2-4.png;1-2-5.png;1-2-6.png;1-2-7.png;','荣耀30S 3双模5G 麒麟820 5G SOC芯片 8GB+128GB 蝶羽白','【荣耀30S新品】①购机赢国内旅游大奖！②晒单赢荣耀耳机！③还有更多优惠券包等你拿！',1,24),(94,3,3,12,3299.99,'1-3-1.png;1-3-2.png;1-3-3.png;1-3-4.png;1-3-5.png;','荣耀30S 双模5G 麒麟820 5G SOC芯片 8GB+128蝶羽白','【30S国内旅赢荣耀耳机！③还有更多优惠券包等你拿！',1,23),(95,4,4,132,3299.99,'1-4-1.png;1-4-2.png;1-4-3.png;1-4-4.png;1-4-5.png;','荣耀30S 3双模5G 麒麟820 5G SOC芯片 8GB+128GB 蝶羽白','【荣耀30S新品游大奖！②晒单赢荣耀耳机！③还有更多优惠券包等你拿！',1,24),(96,5,5,12,3299.99,'2-1-1.png;2-1-2.png;2-1-3.png;2-1-4.png;','荣耀30S 双模5G 麒麟820 5G SOC芯片 8GB+128GB 白','【荣耀30S新品】①购机赢国内旅晒单赢荣耀耳机！③还有更多优惠券包等你拿！',1,26),(97,6,6,132,3299.99,'2-2-1.jpg;2-2-2.png;2-2-3.png;2-2-4.png;2-2-5.png;2-2-6.png;','荣耀30S 3双模5G 麒麟820 5G芯片 8GB+128GB 蝶羽白','【荣耀30S新品】①购机赢国内旅游大奖！②晒单赢荣耀耳机！③还有更多优惠券包等你拿！',1,27),(98,7,7,12,3299.99,'3-1-1.jpg;3-1-2.png;3-1-3.png;3-1-4.png;3-1-5.png;','荣耀30S 双模5G 麒麟820 5G SOC芯片 8GB+1GB 蝶羽白','【荣耀30S新品】①购机赢国内法耀耳机！③还有更多优惠券包等你拿！',1,28),(99,1,1,12,33300,'1-1-1.png;1-1-2.png;1-1-3.png;1-1-4.png;1-1-5.png;1-1-6.png;1-1-7.png;1-1-8.png;','荣耀30S 双模5G 麒麟820 5G SOC芯片 8GB+128GB 蝶羽白','【荣耀3机赢国内旅游大奖！②晒单赢荣耀耳机！③还有更多优惠券包等你拿！',1,29),(100,2,2,132,3299.99,'1-2-1.png;1-2-2.png;1-2-3.png;1-2-4.png;1-2-5.png;1-2-6.png;1-2-7.png;','荣耀30S 3双模5G 麒麟820 5G SOC芯片 8GB+128GB 蝶羽白','【荣耀30S新品】①购机赢国内旅游大奖！②晒单赢荣耀耳机！③还有更多优惠券包等你拿！',1,30),(101,3,3,12,3299.99,'1-3-1.png;1-3-2.png;1-3-3.png;1-3-4.png;1-3-5.png;','荣耀30S 双模5G 麒麟820 5G SOC芯片 8GB+128蝶羽白','【30S国内旅赢荣耀耳机！③还有更多优惠券包等你拿！',1,31),(102,4,4,132,3299.99,'1-4-1.png;1-4-2.png;1-4-3.png;1-4-4.png;1-4-5.png;','荣耀30S 3双模5G 麒麟820 5G SOC芯片 8GB+128GB 蝶羽白','【荣耀30S新品游大奖！②晒单赢荣耀耳机！③还有更多优惠券包等你拿！',1,32),(103,5,5,12,3299.99,'2-1-1.png;2-1-2.png;2-1-3.png;2-1-4.png;','荣耀30S 双模5G 麒麟820 5G SOC芯片 8GB+128GB 白','【荣耀30S新品】①购机赢国内旅晒单赢荣耀耳机！③还有更多优惠券包等你拿！',1,33),(104,6,6,132,3299.99,'2-2-1.jpg;2-2-2.png;2-2-3.png;2-2-4.png;2-2-5.png;2-2-6.png;','荣耀30S 3双模5G 麒麟820 5G芯片 8GB+128GB 蝶羽白','【荣耀30S新品】①购机赢国内旅游大奖！②晒单赢荣耀耳机！③还有更多优惠券包等你拿！',1,34),(105,7,7,12,3299.99,'3-1-1.jpg;3-1-2.png;3-1-3.png;3-1-4.png;3-1-5.png;','荣耀30S 双模5G 麒麟820 5G SOC芯片 8GB+1GB 蝶羽白','【荣耀30S新品】①购机赢国内法耀耳机！③还有更多优惠券包等你拿！',1,35),(106,1,1,12,33300,'1-1-1.png;1-1-2.png;1-1-3.png;1-1-4.png;1-1-5.png;1-1-6.png;1-1-7.png;1-1-8.png;','荣耀30S 双模5G 麒麟820 5G SOC芯片 8GB+128GB 蝶羽白','【荣耀3机赢国内旅游大奖！②晒单赢荣耀耳机！③还有更多优惠券包等你拿！',1,36),(107,2,2,132,3299.99,'1-2-1.png;1-2-2.png;1-2-3.png;1-2-4.png;1-2-5.png;1-2-6.png;1-2-7.png;','荣耀30S 3双模5G 麒麟820 5G SOC芯片 8GB+128GB 蝶羽白','【荣耀30S新品】①购机赢国内旅游大奖！②晒单赢荣耀耳机！③还有更多优惠券包等你拿！',1,42),(108,3,3,12,3299.99,'1-3-1.png;1-3-2.png;1-3-3.png;1-3-4.png;1-3-5.png;','荣耀30S 双模5G 麒麟820 5G SOC芯片 8GB+128蝶羽白','【30S国内旅赢荣耀耳机！③还有更多优惠券包等你拿！',1,37),(109,4,4,132,3299.99,'1-4-1.png;1-4-2.png;1-4-3.png;1-4-4.png;1-4-5.png;','荣耀30S 3双模5G 麒麟820 5G SOC芯片 8GB+128GB 蝶羽白','【荣耀30S新品游大奖！②晒单赢荣耀耳机！③还有更多优惠券包等你拿！',1,38),(110,5,5,12,3299.99,'2-1-1.png;2-1-2.png;2-1-3.png;2-1-4.png;','荣耀30S 双模5G 麒麟820 5G SOC芯片 8GB+128GB 白','【荣耀30S新品】①购机赢国内旅晒单赢荣耀耳机！③还有更多优惠券包等你拿！',1,39),(111,6,6,132,3299.99,'2-2-1.jpg;2-2-2.png;2-2-3.png;2-2-4.png;2-2-5.png;2-2-6.png;','荣耀30S 3双模5G 麒麟820 5G芯片 8GB+128GB 蝶羽白','【荣耀30S新品】①购机赢国内旅游大奖！②晒单赢荣耀耳机！③还有更多优惠券包等你拿！',1,40),(112,7,7,12,3299.99,'3-1-1.jpg;3-1-2.png;3-1-3.png;3-1-4.png;3-1-5.png;','荣耀30S 双模5G 麒麟820 5G SOC芯片 8GB+1GB 蝶羽白','【荣耀30S新品】①购机赢国内法耀耳机！③还有更多优惠券包等你拿！',1,41),(113,1,1,12,33300,'1-1-1.png;1-1-2.png;1-1-3.png;1-1-4.png;1-1-5.png;1-1-6.png;1-1-7.png;1-1-8.png;','荣耀30S 双模5G 麒麟820 5G SOC芯片 8GB+128GB 蝶羽白','【荣耀3机赢国内旅游大奖！②晒单赢荣耀耳机！③还有更多优惠券包等你拿！',1,42),(114,2,2,132,3299.99,'1-2-1.png;1-2-2.png;1-2-3.png;1-2-4.png;1-2-5.png;1-2-6.png;1-2-7.png;','荣耀30S 3双模5G 麒麟820 5G SOC芯片 8GB+128GB 蝶羽白','【荣耀30S新品】①购机赢国内旅游大奖！②晒单赢荣耀耳机！③还有更多优惠券包等你拿！',1,43),(115,3,3,12,3299.99,'1-3-1.png;1-3-2.png;1-3-3.png;1-3-4.png;1-3-5.png;','荣耀30S 双模5G 麒麟820 5G SOC芯片 8GB+128蝶羽白','【30S国内旅赢荣耀耳机！③还有更多优惠券包等你拿！',1,44),(116,4,4,132,3299.99,'1-4-1.png;1-4-2.png;1-4-3.png;1-4-4.png;1-4-5.png;','荣耀30S 3双模5G 麒麟820 5G SOC芯片 8GB+128GB 蝶羽白','【荣耀30S新品游大奖！②晒单赢荣耀耳机！③还有更多优惠券包等你拿！',4,45),(117,5,5,12,3299.99,'2-1-1.png;2-1-2.png;2-1-3.png;2-1-4.png;','荣耀30S 双模5G 麒麟820 5G SOC芯片 8GB+128GB 白','【荣耀30S新品】①购机赢国内旅晒单赢荣耀耳机！③还有更多优惠券包等你拿！',2,46),(118,6,6,132,3299.99,'2-2-1.jpg;2-2-2.png;2-2-3.png;2-2-4.png;2-2-5.png;2-2-6.png;','荣耀30S 3双模5G 麒麟820 5G芯片 8GB+128GB 蝶羽白','【荣耀30S新品】①购机赢国内旅游大奖！②晒单赢荣耀耳机！③还有更多优惠券包等你拿！',1,47),(119,7,7,12,3299.99,'3-1-1.jpg;3-1-2.png;3-1-3.png;3-1-4.png;3-1-5.png;','荣耀30S 双模5G 麒麟820 5G SOC芯片 8GB+1GB 蝶羽白','【荣耀30S新品】①购机赢国内法耀耳机！③还有更多优惠券包等你拿！',1,48),(120,1,1,12,33300,'1-1-1.png;1-1-2.png;1-1-3.png;1-1-4.png;1-1-5.png;1-1-6.png;1-1-7.png;1-1-8.png;','荣耀30S 双模5G 麒麟820 5G SOC芯片 8GB+128GB 蝶羽白','【荣耀3机赢国内旅游大奖！②晒单赢荣耀耳机！③还有更多优惠券包等你拿！',1,49),(121,2,2,132,3299.99,'1-2-1.png;1-2-2.png;1-2-3.png;1-2-4.png;1-2-5.png;1-2-6.png;1-2-7.png;','荣耀30S 3双模5G 麒麟820 5G SOC芯片 8GB+128GB 蝶羽白','【荣耀30S新品】①购机赢国内旅游大奖！②晒单赢荣耀耳机！③还有更多优惠券包等你拿！',1,50),(122,3,3,12,3299.99,'1-3-1.png;1-3-2.png;1-3-3.png;1-3-4.png;1-3-5.png;','荣耀30S 双模5G 麒麟820 5G SOC芯片 8GB+128蝶羽白','【30S国内旅赢荣耀耳机！③还有更多优惠券包等你拿！',1,51),(123,4,4,132,3299.99,'1-4-1.png;1-4-2.png;1-4-3.png;1-4-4.png;1-4-5.png;','荣耀30S 3双模5G 麒麟820 5G SOC芯片 8GB+128GB 蝶羽白','【荣耀30S新品游大奖！②晒单赢荣耀耳机！③还有更多优惠券包等你拿！',1,52),(124,5,5,12,3299.99,'2-1-1.png;2-1-2.png;2-1-3.png;2-1-4.png;','荣耀30S 双模5G 麒麟820 5G SOC芯片 8GB+128GB 白','【荣耀30S新品】①购机赢国内旅晒单赢荣耀耳机！③还有更多优惠券包等你拿！',1,53),(125,6,6,132,3299.99,'2-2-1.jpg;2-2-2.png;2-2-3.png;2-2-4.png;2-2-5.png;2-2-6.png;','荣耀30S 3双模5G 麒麟820 5G芯片 8GB+128GB 蝶羽白','【荣耀30S新品】①购机赢国内旅游大奖！②晒单赢荣耀耳机！③还有更多优惠券包等你拿！',1,54),(126,7,7,12,3299.99,'3-1-1.jpg;3-1-2.png;3-1-3.png;3-1-4.png;3-1-5.png;','荣耀30S 双模5G 麒麟820 5G SOC芯片 8GB+1GB 蝶羽白','【荣耀30S新品】①购机赢国内法耀耳机！③还有更多优惠券包等你拿！',1,55),(127,4,4,132,3299.99,'1-4-1.png;1-4-2.png;1-4-3.png;1-4-4.png;1-4-5.png;','荣耀30S 3双模5G 麒麟820 5G SOC芯片 8GB+128GB 蝶羽白','【荣耀30S新品游大奖！②晒单赢荣耀耳机！③还有更多优惠券包等你拿！',4,69),(128,5,5,12,3299.99,'2-1-1.png;2-1-2.png;2-1-3.png;2-1-4.png;','荣耀30S 双模5G 麒麟820 5G SOC芯片 8GB+128GB 白','【荣耀30S新品】①购机赢国内旅晒单赢荣耀耳机！③还有更多优惠券包等你拿！',2,70),(129,6,6,132,3299.99,'2-2-1.jpg;2-2-2.png;2-2-3.png;2-2-4.png;2-2-5.png;2-2-6.png;','荣耀30S 3双模5G 麒麟820 5G芯片 8GB+128GB 蝶羽白','【荣耀30S新品】①购机赢国内旅游大奖！②晒单赢荣耀耳机！③还有更多优惠券包等你拿！',1,71),(130,7,7,12,3299.99,'3-1-1.jpg;3-1-2.png;3-1-3.png;3-1-4.png;3-1-5.png;','荣耀30S 双模5G 麒麟820 5G SOC芯片 8GB+1GB 蝶羽白','【荣耀30S新品】①购机赢国内法耀耳机！③还有更多优惠券包等你拿！',1,72),(131,1,1,12,1,'','','',1,1),(132,2,2,132,3299.99,'1-2-1.png;1-2-2.png;1-2-3.png;1-2-4.png;1-2-5.png;1-2-6.png;1-2-7.png;','荣耀30S 3双模5G 麒麟820 5G SOC芯片 8GB+128GB 蝶羽白','【荣耀30S新品】①购机赢国内旅游大奖！②晒单赢荣耀耳机！③还有更多优惠券包等你拿！',1,74),(133,3,3,12,3299.99,'1-3-1.png;1-3-2.png;1-3-3.png;1-3-4.png;1-3-5.png;','荣耀30S 双模5G 麒麟820 5G SOC芯片 8GB+128蝶羽白','【30S国内旅赢荣耀耳机！③还有更多优惠券包等你拿！',1,75),(134,4,4,132,3299.99,'1-4-1.png;1-4-2.png;1-4-3.png;1-4-4.png;1-4-5.png;','荣耀30S 3双模5G 麒麟820 5G SOC芯片 8GB+128GB 蝶羽白','【荣耀30S新品游大奖！②晒单赢荣耀耳机！③还有更多优惠券包等你拿！',1,76),(135,1,2,12,33300,'1-1-1.png;1-1-2.png;1-1-3.png;1-1-4.png;1-1-5.png;1-1-6.png;1-1-7.png;1-1-8.png;','荣耀30S 双模5G 麒麟820 5G SOC芯片 8GB+128GB 蝶羽白','【荣耀3机赢国内旅游大奖！②晒单赢荣耀耳机！③还有更多优惠券包等你拿！',1,1),(136,1,3,12,33300,'1-1-1.png;1-1-2.png;1-1-3.png;1-1-4.png;1-1-5.png;1-1-6.png;1-1-7.png;1-1-8.png;','荣耀30S 双模5G 麒麟820 5G SOC芯片 8GB+128GB 蝶羽白','【荣耀3机赢国内旅游大奖！②晒单赢荣耀耳机！③还有更多优惠券包等你拿！',1,1),(137,2,2,12,33300,'1-1-1.png;1-1-2.png;1-1-3.png;1-1-4.png;1-1-5.png;1-1-6.png;1-1-7.png;1-1-8.png;','荣耀30S 双模5G 麒麟820 5G SOC芯片 8GB+128GB 蝶羽白','【荣耀3机赢国内旅游大奖！②晒单赢荣耀耳机！③还有更多优惠券包等你拿！',1,1),(138,3,2,12,33300,'1-1-1.png;1-1-2.png;1-1-3.png;1-1-4.png;1-1-5.png;1-1-6.png;1-1-7.png;1-1-8.png;','荣耀30S 双模5G 麒麟820 5G SOC芯片 8GB+128GB 蝶羽白','【荣耀3机赢国内旅游大奖！②晒单赢荣耀耳机！③还有更多优惠券包等你拿！',1,1),(139,2,3,12,33300,'1-1-1.png;1-1-2.png;1-1-3.png;1-1-4.png;1-1-5.png;1-1-6.png;1-1-7.png;1-1-8.png;','荣耀30S 双模5G 麒麟820 5G SOC芯片 8GB+128GB 蝶羽白','【荣耀3机赢国内旅游大奖！②晒单赢荣耀耳机！③还有更多优惠券包等你拿！',1,1),(140,3,3,12,33300,'1-1-1.png;1-1-2.png;1-1-3.png;1-1-4.png;1-1-5.png;1-1-6.png;1-1-7.png;1-1-8.png;','荣耀30S 双模5G 麒麟820 5G SOC芯片 8GB+128GB 蝶羽白','【荣耀3机赢国内旅游大奖！②晒单赢荣耀耳机！③还有更多优惠券包等你拿！',1,1),(141,1,2,12,33300,'1-1-1.png;1-1-2.png;1-1-3.png;1-1-4.png;1-1-5.png;1-1-6.png;1-1-7.png;1-1-8.png;','荣耀30S 双模5G 麒麟820 5G SOC芯片 8GB+128GB 蝶羽白','【荣耀3机赢国内旅游大奖！②晒单赢荣耀耳机！③还有更多优惠券包等你拿！',1,1),(142,1,7,12,33300,'1-1-1.png;1-1-2.png;1-1-3.png;1-1-4.png;1-1-5.png;1-1-6.png;1-1-7.png;1-1-8.png;','荣耀30S 双模5G 麒麟820 5G SOC芯片 8GB+128GB 蝶羽白','【荣耀3机赢国内旅游大奖！②晒单赢荣耀耳机！③还有更多优惠券包等你拿！',1,1),(143,1,7,12,33300,'3-1-1.jpg;3-1-2.png;3-1-3.png;3-1-4.png;3-1-5.png;','荣耀30S 双模5G 麒麟820 5G SOC芯片 8GB+128GB 蝶羽白','【荣耀3机赢国内旅游大奖！②晒单赢荣耀耳机！③还有更多优惠券包等你拿！',1,1),(144,4,7,12,33300,'3-1-1.jpg;3-1-2.png;3-1-3.png;3-1-4.png;3-1-5.png;','荣耀30S 双模5G 麒麟820 5G SOC芯片 8GB+128GB 蝶羽白','【荣耀3机赢国内旅游大奖！②晒单赢荣耀耳机！③还有更多优惠券包等你拿！',1,1),(145,6,7,12,33300,'3-1-1.jpg;3-1-2.png;3-1-3.png;3-1-4.png;3-1-5.png;','荣耀30S 双模5G 麒麟820 5G SOC芯片 8GB+128GB 蝶羽白','【荣耀3机赢国内旅游大奖！②晒单赢荣耀耳机！③还有更多优惠券包等你拿！',1,1),(146,8,7,12,33300,'3-1-1.jpg;3-1-2.png;3-1-3.png;3-1-4.png;3-1-5.png;','荣耀30S 双模5G 麒麟820 5G SOC芯片 8GB+128GB 蝶羽白','【荣耀3机赢国内旅游大奖！②晒单赢荣耀耳机！③还有更多优惠券包等你拿！',1,1),(147,8,9,12,33300,'3-1-1.jpg;3-1-2.png;3-1-3.png;3-1-4.png;3-1-5.png;','荣耀30S 双模5G 麒麟820 5G SOC芯片 8GB+128GB 蝶羽白','【荣耀3机赢国内旅游大奖！②晒单赢荣耀耳机！③还有更多优惠券包等你拿！',1,1),(148,14,1,4,123,'3.png;4.png','asdfasdf','asdfasdfas',11,2),(152,14,1,13,123,'1.svg;2.png','asdfasdf','asdfasdfas',11,2),(153,1,1,13,12991,'1.gif;1.png;3.png;4.png','超级好的手机verygood','超级好的手机verygood超级好的手机verygood',12,84),(154,1,2,5,1232.99,'4.png','asdgadsga','sdfasdfasdf',1,84),(155,13,4,7,123,'1.png','asdf','asdf',12,33),(157,1,1,5,234,'1.gif;1.png;3.png;4.png','2阿斯顿发斯蒂芬','阿斯顿发',14,88),(158,2,1,4,3452,'1.svg;2.png','对光反射','是的发送到',7,88),(159,8,18,3,12321,'1-1-6.png;1-1-7.png;1-1-8.png;1-2-1.png;1-2-2.png;1-2-3.png;1-2-4.png','11111111111ww','wwwwwwwwwwwwwwwwwwwww',1,94),(160,9,18,6,2134,'1-1-2.png;1-1-3.png;1-1-4.png;1-1-5.png;1-1-6.png;1-1-7.png;1-1-8.png;1-2-1.png;1-2-2.png;1-2-3.png','33333333333333333','444444444444444444444444',10,94),(161,3,7,6,23423,'1-1-6.png','文鹅鹅鹅饿鹅鹅鹅鹅鹅鹅饿鹅鹅鹅饿鹅鹅鹅饿','我鹅鹅鹅饿饿饿呃呃呃',11,94);

/*Table structure for table `combo` */

DROP TABLE IF EXISTS `combo`;

CREATE TABLE `combo` (
  `id` int(11) NOT NULL AUTO_INCREMENT COMMENT '主键',
  `cName` varchar(44) NOT NULL COMMENT '套餐名',
  `price` float DEFAULT NULL,
  `Commodityid` int(11) DEFAULT NULL COMMENT '商品id',
  `huiPrice` float DEFAULT NULL,
  PRIMARY KEY (`id`),
  KEY `fk_combo_Commodityid` (`Commodityid`),
  CONSTRAINT `fk_combo_Commodityid` FOREIGN KEY (`Commodityid`) REFERENCES `commodity` (`id`)
) ENGINE=InnoDB AUTO_INCREMENT=130 DEFAULT CHARSET=utf8;

/*Data for the table `combo` */

insert  into `combo`(`id`,`cName`,`price`,`Commodityid`,`huiPrice`) values (1,'官方标配',0,1,42423.3),(2,'音乐套餐1',300.99,2,42423.3),(3,'音乐套餐2',330.99,3,42423.3),(4,'音乐套餐3',340.99,4,42423.3),(5,'音乐套餐1',300.99,5,42423.3),(6,'音f乐套餐2',330.99,6,42423.3),(7,'音f乐套餐3',340.99,7,42423.3),(8,'音f乐套餐1',300.99,8,42423.3),(9,'音乐套餐2',330.99,9,42423.3),(10,'音f乐套餐3',340.99,10,42423.3),(11,'音乐套餐1',300.99,11,42423.3),(12,'音f乐套餐2',330.99,12,42423.3),(13,'音乐套餐3',340.99,13,42423.3),(14,'音乐套餐1',300.99,14,42423.3),(15,'音ff乐套餐3',340.99,16,42423.3),(16,'音f乐套餐1',300.99,17,42423.3),(17,'音乐套餐2',330.99,18,42423.3),(18,'音f乐套餐3',340.99,19,42423.3),(19,'音乐套餐1',300.99,20,42423.3),(20,'音f乐套餐2',330.99,21,42423.3),(21,'音乐套餐3',340.99,22,42423.3),(22,'音f乐套餐1',300.99,23,42423.3),(23,'音乐套餐2',330.99,24,42423.3),(24,'音乐套餐3',340.99,25,42423.3),(25,'音乐ff套餐1',300.99,26,42423.3),(26,'音乐套餐2',330.99,27,42423.3),(27,'音乐f套餐3',340.99,28,42423.3),(28,'音乐套餐1',300.99,29,42423.3),(29,'音乐f套餐2',330.99,30,42423.3),(30,'音乐套餐3',340.99,31,42423.3),(31,'音乐f套餐1',300.99,12,42423.3),(32,'音乐套餐2',330.99,33,42423.3),(33,'音f乐套餐3',340.99,35,42423.3),(34,'音乐套餐1',300.99,53,42423.3),(35,'音f乐套餐2',330.99,66,42423.3),(36,'音乐套餐3',340.99,7,42423.3),(37,'音乐f套餐1',300.99,8,42423.3),(38,'音乐套餐2',330.99,9,42423.3),(39,'音乐套餐3',340.99,10,42423.3),(40,'音f乐套餐1',300.99,11,42423.3),(41,'音乐套餐2',330.99,12,42423.3),(42,'音乐ff套餐1',300.99,14,42423.3),(43,'音f乐套餐2',330.99,15,42423.3),(44,'音乐f套餐3',340.99,16,42423.3),(45,'音乐套餐1',300.99,17,42423.3),(46,'音乐套餐2',330.99,18,42423.3),(47,'音乐套餐3',340.99,19,42423.3),(48,'音乐套餐1',300.99,20,42423.3),(49,'音f乐套餐2',330.99,21,42423.3),(50,'音乐套餐3',340.99,22,42423.3),(51,'音f乐套餐1',300.99,23,42423.3),(52,'音乐套餐2',330.99,24,42423.3),(53,'音f乐套餐3',340.99,25,42423.3),(54,'音乐f套餐1',300.99,26,42423.3),(55,'音ff乐套餐2',330.99,27,42423.3),(56,'音乐f套餐3',340.99,28,42423.3),(57,'音f乐f套餐1',300.99,29,42423.3),(58,'音ff乐套餐2',330.99,30,42423.3),(59,'音乐套餐3',340.99,31,42423.3),(60,'音f乐套餐1',300.99,12,42423.3),(61,'音f乐f套餐2',330.99,33,42423.3),(62,'音乐套餐3',340.99,35,42423.3),(63,'音乐f套餐1',300.99,53,42423.3),(64,'音乐套餐2',330.99,66,42423.3),(65,'音乐套餐3',340.99,33,42423.3),(66,'音乐套餐1',300.99,2,42423.3),(67,'官方标配',0,76,4234.33),(68,'音乐套餐1',300.99,75,4234.33),(69,'音乐套餐2',330.99,74,4234.33),(70,'音乐套餐3',340.99,73,4234.33),(71,'音乐套餐1',300.99,72,4234.33),(72,'音f乐套餐2',330.99,71,4234.33),(73,'音f乐套餐3',340.99,70,4234.33),(74,'音f乐套餐1',300.99,69,4234.33),(75,'音乐套餐2',330.99,68,4234.33),(76,'音f乐套餐3',340.99,67,4234.33),(77,'音乐套餐1',300.99,66,4234.33),(78,'音f乐套餐2',330.99,65,4234.33),(79,'音乐套餐3',340.99,64,4234.33),(80,'音乐套餐1',300.99,63,4234.33),(81,'音ff乐套餐3',340.99,62,4234.33),(82,'音f乐套餐1',300.99,61,4234.33),(83,'音乐套餐2',330.99,60,4234.33),(84,'音f乐套餐3',340.99,59,4234.33),(85,'音乐套餐1',300.99,58,4234.33),(86,'音f乐套餐2',330.99,57,4234.33),(87,'音乐套餐3',340.99,56,4234.33),(88,'音f乐套餐1',300.99,55,4234.33),(89,'音乐套餐2',330.99,54,4234.33),(90,'音乐套餐3',340.99,53,4234.33),(91,'音乐ff套餐1',300.99,52,4234.33),(92,'官方标配',0,51,4234.33),(93,'音乐套餐1',300.99,50,4234.33),(94,'音乐套餐2',330.99,49,4234.33),(95,'音乐套餐3',340.99,48,4234.33),(96,'音乐套餐1',300.99,47,4234.33),(97,'音f乐套餐2',330.99,46,4234.33),(98,'音f乐套餐3',340.99,45,4234.33),(99,'音f乐套餐1',300.99,44,4234.33),(100,'音乐套餐2',330.99,43,4234.33),(101,'音f乐套餐3',340.99,42,4234.33),(102,'音乐套餐1',300.99,41,4234.33),(103,'音f乐套餐2',330.99,40,4234.33),(104,'音乐套餐3',340.99,39,4234.33),(105,'音乐套餐1',300.99,38,4234.33),(106,'音ff乐套餐3',340.99,37,4234.33),(107,'音f乐套餐1',300.99,36,4234.33),(108,'音乐套餐2',330.99,35,4234.33),(109,'音f乐套餐3',340.99,34,4234.33),(110,'音乐套餐1',300.99,33,4234.33),(111,'音f乐套餐2',330.99,32,4234.33),(112,'音乐套餐3',340.99,31,4234.33),(113,'音f乐套餐1',300.99,29,4234.33),(114,'音乐套餐2',330.99,28,4234.33),(115,'音乐套餐3',340.99,27,4234.33),(116,'音乐ff套餐1',300.99,26,4234.33),(118,'超级手机套餐',400,84,100),(119,'官方标配',0,84,0),(120,'超级手机套餐',12312,84,333),(121,'超级手机套餐2',23,84,234),(122,'超级手机套餐3',12312,5,3123),(123,'超级手机4',23,4,23),(124,'超级手机5',234,4,234),(126,'阿斯顿发',33,4,33),(127,'超级手机套餐',123,88,2342),(129,'音乐套餐',234,94,22);

/*Table structure for table `combocommodity` */

DROP TABLE IF EXISTS `combocommodity`;

CREATE TABLE `combocommodity` (
  `id` int(11) NOT NULL AUTO_INCREMENT COMMENT '主键',
  `Comboid` int(11) DEFAULT NULL COMMENT '套餐id',
  `Commodityid` int(11) DEFAULT NULL COMMENT '商品id',
  PRIMARY KEY (`id`),
  KEY `fk_combocommodity_Comboid` (`Comboid`),
  KEY `fk_combocommodity_Commodityid` (`Commodityid`),
  CONSTRAINT `fk_combocommodity_Comboid` FOREIGN KEY (`Comboid`) REFERENCES `combo` (`id`),
  CONSTRAINT `fk_combocommodity_Commodityid` FOREIGN KEY (`Commodityid`) REFERENCES `commodity` (`id`)
) ENGINE=InnoDB AUTO_INCREMENT=55 DEFAULT CHARSET=utf8;

/*Data for the table `combocommodity` */

insert  into `combocommodity`(`id`,`Comboid`,`Commodityid`) values (1,1,1),(2,2,2),(3,3,3),(4,4,1),(5,5,2),(6,6,34),(7,7,1),(8,8,3),(9,9,3),(10,10,1),(11,11,52),(12,12,3),(13,13,23),(14,3,3),(15,4,1),(16,5,2),(17,6,34),(18,7,1),(19,8,3),(20,9,3),(21,10,1),(22,11,52),(23,12,3),(24,13,23),(25,14,2),(26,14,2),(27,15,3),(28,16,61),(29,17,2),(30,18,3),(31,19,34),(32,20,2),(33,21,23),(34,22,1),(35,23,42),(36,24,3),(37,25,3),(38,26,2),(39,27,3),(40,33,1),(41,2,5),(42,2,7),(43,3,7),(44,8,7),(45,1,8),(48,3,5),(49,120,5),(50,120,6),(51,121,23),(52,127,6),(53,129,2),(54,129,4);

/*Table structure for table `commodity` */

DROP TABLE IF EXISTS `commodity`;

CREATE TABLE `commodity` (
  `id` int(11) NOT NULL AUTO_INCREMENT COMMENT '主键',
  `cName` varchar(44) NOT NULL COMMENT '商品名',
  `categoryid` int(11) DEFAULT NULL COMMENT '商品种类',
  `seriesId` int(11) DEFAULT NULL COMMENT '系列id',
  `putawayTime` datetime DEFAULT NULL COMMENT '上架时间',
  `image` varchar(44) DEFAULT NULL COMMENT '主页显示',
  PRIMARY KEY (`id`),
  KEY `fk_shopping_category` (`categoryid`),
  KEY `fk_commodity_seriesId` (`seriesId`),
  CONSTRAINT `fk_commodity_seriesId` FOREIGN KEY (`seriesId`) REFERENCES `series` (`id`),
  CONSTRAINT `fk_shopping_category` FOREIGN KEY (`categoryid`) REFERENCES `category` (`id`)
) ENGINE=InnoDB AUTO_INCREMENT=95 DEFAULT CHARSET=utf8;

/*Data for the table `commodity` */

insert  into `commodity`(`id`,`cName`,`categoryid`,`seriesId`,`putawayTime`,`image`) values (1,'HUAWEI P30 Pro',1,1,'2020-02-02 00:00:00','homeimage/floor/1-0.png'),(2,'荣耀V30',1,2,'2020-02-02 00:00:00','homeimage/floor/1-1.png'),(3,'HUAffWEI P30',1,2,'2020-02-02 00:00:00','homeimage/floor/1-2.png'),(4,'HUAWfEI P30',1,4,'2020-02-02 00:00:00','homeimage/floor/1-3.png'),(5,'荣ff耀V30',1,5,'2020-02-02 00:00:00','homeimage/floor/1-4.png'),(6,'HUffAWEI P30',1,6,'2020-02-02 00:00:00','homeimage/floor/1-5.png'),(7,'HUAffWEI P30',1,7,'2020-02-02 00:00:00','homeimage/floor/1-6.png'),(8,'荣fff耀V30',1,8,'2020-02-02 00:00:00','homeimage/floor/1-7.png'),(9,'HUAffWEI P30',1,9,'2020-02-02 00:00:00','homeimage/floor/1-8.png'),(10,'HUAfffWEI P30',1,3,'2020-02-02 00:00:00','homeimage/floor/1-9.png'),(11,'荣ffff耀V30',1,2,'2020-02-02 00:00:00','homeimage/floor/1-10.png'),(12,'HUAWffEI P30',1,2,'2020-02-02 00:00:00','homeimage/floor/1-11.png'),(13,'HUAWfffEI P30',1,3,'2020-02-02 00:00:00','homeimage/floor/1-12.png'),(14,'荣耀fffV30',1,2,'2020-02-02 00:00:00','homeimage/floor/1-1.png'),(15,'HUAfWEI P30',1,9,'2020-02-02 00:00:00','homeimage/floor/1-13.png'),(16,'HUAfWfEI P30',1,7,'2020-02-02 00:00:00','homeimage/floor/1-14.png'),(17,'荣耀fffV30',1,2,'2020-02-02 00:00:00','homeimage/floor/1-1.png'),(18,'HUAffWEI P30',1,2,'2020-02-02 00:00:00','homeimage/floor/1-2.png'),(19,'HUAfWfEI P30',1,4,'2020-02-02 00:00:00','homeimage/floor/1-3.png'),(20,'f',1,5,'2020-02-02 00:00:00','homeimage/floor/1-4.png'),(21,'HUffffAfWEI P30',1,6,'2020-02-02 00:00:00','homeimage/floor/1-5.png'),(22,'HUAffffWEI P30',1,7,'2020-02-02 00:00:00','homeimage/floor/1-6.png'),(23,'荣f耀V30',1,8,'2020-02-02 00:00:00','homeimage/floor/1-7.png'),(24,'HUAffffWEI P30',1,9,'2020-02-02 00:00:00','homeimage/floor/1-8.png'),(25,'HUAffWEI P30',1,3,'2020-02-02 00:00:00','homeimage/floor/1-9.png'),(26,'荣fffff耀V30',1,2,'2020-02-02 00:00:00','homeimage/floor/1-10.png'),(27,'HUfAfWfffEI P30',1,2,'2020-02-02 00:00:00','homeimage/floor/1-11.png'),(28,'HUAWfEI P30',1,3,'2020-02-02 00:00:00','homeimage/floor/1-12.png'),(29,'荣ff耀fffV30',1,2,'2020-02-02 00:00:00','homeimage/floor/1-1.png'),(30,'HUAffWEI P30',1,9,'2020-02-02 00:00:00','homeimage/floor/1-13.png'),(31,'HUAWfEI P30',1,7,'2020-02-02 00:00:00','homeimage/floor/1-14.png'),(32,'荣耀dsV30',2,10,'2020-02-02 00:00:00','homeimage/floor/2-0.png'),(33,'HUAdfsdWEI P30',2,11,'2020-02-02 00:00:00','homeimage/floor/2-2.png'),(34,'HUdffdfAWEI P30',2,12,'2020-02-02 00:00:00','homeimage/floor/2-3.png'),(35,'荣df耀V30',2,13,'2020-02-02 00:00:00','homeimage/floor/2-4.png'),(36,'HUfAffWEI P30',2,14,'2020-02-02 00:00:00','homeimage/floor/2-5.png'),(37,'HUf耀dV30',2,16,'2020-02-02 00:00:00','homeimage/floor/2-7.png'),(38,'HUAWfdEI P30',2,17,'2020-02-02 00:00:00','homeimage/floor/2-8.png'),(39,'HUAffWdEI P30',2,18,'2020-02-02 00:00:00','homeimage/floor/2-9.png'),(40,'荣耀fdsV30',2,10,'2020-02-02 00:00:00','homeimage/floor/2-0.png'),(41,'HUAffdfAWEI P30',2,12,'2020-02-02 00:00:00','homeimage/floor/2-3.png'),(42,'荣df耀V30',2,13,'2020-02-02 00:00:00','homeimage/floor/2-4.png'),(43,'HUAffWEI P30',2,14,'2020-02-02 00:00:00','homeimage/floor/2-5.png'),(44,'HUfddffAdfWEI P30',2,15,'2020-02-02 00:00:00','homeimage/floor/2-6.png'),(45,'荣f耀fdV30',2,16,'2020-02-02 00:00:00','homeimage/floor/2-7.png'),(46,'HUAWfdEI P30',2,17,'2020-02-02 00:00:00','homeimage/floor/2-8.png'),(47,'HUAWdEI P30',2,18,'2020-02-02 00:00:00','homeimage/floor/2-9.png'),(48,'荣f耀dsV30',2,10,'2020-02-02 00:00:00','homeimage/floor/2-0.png'),(49,'HUAffdfsdWEI P30',2,11,'2020-02-02 00:00:00','homeimage/floor/2-2.png'),(50,'HUdfdfAWEI P30',2,12,'2020-02-02 00:00:00','homeimage/floor/2-3.png'),(51,'荣fdff耀V30',2,13,'2020-02-02 00:00:00','homeimage/floor/2-4.png'),(52,'HUffddfAdfWEI P30',2,15,'2020-02-02 00:00:00','homeimage/floor/2-6.png'),(53,'荣f耀dV30',2,16,'2020-02-02 00:00:00','homeimage/floor/2-7.png'),(54,'HUfAWfdEI P30',2,17,'2020-02-02 00:00:00','homeimage/floor/2-8.png'),(55,'HUAfWdEI P30',2,18,'2020-02-02 00:00:00','homeimage/floor/2-9.png'),(56,'荣f耀dsV30',2,10,'2020-02-02 00:00:00','homeimage/floor/2-0.png'),(57,'HUffAdfsdWEI P30',2,11,'2020-02-02 00:00:00','homeimage/floor/2-2.png'),(58,'HUdfffdfAWEI P30',2,12,'2020-02-02 00:00:00','homeimage/floor/2-3.png'),(59,'荣fdff耀V30',2,13,'2020-02-02 00:00:00','homeimage/floor/2-4.png'),(60,'HUAffWEI P30',2,14,'2020-02-02 00:00:00','homeimage/floor/2-5.png'),(61,'HUffdfdfAdfWEI P30',2,15,'2020-02-02 00:00:00','homeimage/floor/2-6.png'),(62,'荣耀dV30',2,16,'2020-02-02 00:00:00','homeimage/floor/2-7.png'),(63,'HUfAWffdEI P30',2,17,'2020-02-02 00:00:00','homeimage/floor/2-8.png'),(64,'HUAWdEI P30',2,18,'2020-02-02 00:00:00','homeimage/floor/2-9.png'),(65,'荣耀sdfV30',3,17,'2020-02-02 00:00:00','homeimage/floor/3-0.png'),(66,'HUdfadAWEI P30',3,18,'2020-02-02 00:00:00','homeimage/floor/3-1.png'),(67,'HUAWdfEI P30',3,19,'2020-02-02 00:00:00','homeimage/floor/3-2.png'),(68,'荣ggggg耀sdfV30',3,18,'2020-02-02 00:00:00','homeimage/floor/3-3.png'),(69,'荣gdfV30',3,17,'2020-02-02 00:00:00','homeimage/floor/3-0.png'),(70,'HUdfAWEI P30',3,18,'2020-02-02 00:00:00','homeimage/floor/3-1.png'),(71,'HUAEI P30',3,19,'2020-02-02 00:00:00','homeimage/floor/3-2.png'),(72,'荣g耀gggsdfV30',3,18,'2020-02-02 00:00:00','homeimage/floor/3-3.png'),(73,'荣耀sdfV30',3,17,'2020-02-02 00:00:00','homeimage/floor/3-0.png'),(74,'HUdfaAWEI P30',3,18,'2020-02-02 00:00:00','homeimage/floor/3-1.png'),(75,'HUAWggdfEI P30',3,19,'2020-02-02 00:00:00','homeimage/floor/3-2.png'),(76,'荣耀gsdfV30',3,18,'2020-02-02 00:00:00','homeimage/floor/3-3.png'),(77,'手动阀',3,16,'2020-05-13 17:53:18','homeimage/floor/2.png'),(78,'上的方法',2,15,'2020-05-13 17:57:32','homeimage/floor/1.png'),(79,'灌灌灌灌',2,14,'2020-05-13 18:02:01','homeimage/floor/4.png'),(80,'嘎嘎嘎嘎嘎',3,16,'2020-05-13 18:03:17','homeimage/floor/3.png'),(81,'阿斯顿发',3,17,'2020-05-13 18:04:24','homeimage/floor/1.svg'),(83,'222222杀杀杀',4,21,'2020-05-13 18:40:45','homeimage/floor/1.png'),(84,'超级手机',1,4,'2020-05-17 13:31:31','homeimage/floor/2.png'),(86,'超级手机2',1,1,'2020-05-17 14:46:15','homeimage/floor/2.png'),(88,'超级手机6',2,15,'2020-05-26 16:17:03','homeimage/floor/4.png'),(89,'超级手机',1,2,'2020-05-26 16:46:19','homeimage/floor/4.png'),(91,'阿斯顿发',1,1,'2020-06-02 14:50:12','homeimage/floor/foot.jpg'),(92,'手动阀',1,1,'2020-06-02 14:51:50','homeimage/floor/foot.jpg'),(93,'阿斯顿发',1,1,'2020-06-02 14:52:23','homeimage/floor/foot.jpg'),(94,'超级手机',10,70,'2020-06-05 10:26:33','homeimage/floor/1-1-2.png');

/*Table structure for table `configure` */

DROP TABLE IF EXISTS `configure`;

CREATE TABLE `configure` (
  `id` int(11) NOT NULL AUTO_INCREMENT COMMENT '主键',
  `cName` varchar(44) NOT NULL COMMENT '配置名称',
  PRIMARY KEY (`id`)
) ENGINE=InnoDB AUTO_INCREMENT=16 DEFAULT CHARSET=utf8;

/*Data for the table `configure` */

insert  into `configure`(`id`,`cName`) values (1,'全网通8GB+128GB'),(2,'全网通4GB+64GB'),(3,'全网通3GB+64GB'),(4,'全网通3GB+6334GB'),(5,'全网通5GB+64GB'),(6,'全网通5GB+634GB'),(7,'全网通2GB+64GB'),(8,'全网通4GB+634GB'),(9,'全网通6GB+644GB'),(10,'全网通7GB+654GB'),(11,'全网通1GB+614GB'),(12,'全网通12GB+624GB'),(13,'全网通3GB+644GB'),(14,'全网通5GB+654GB'),(15,'全网通34GB+64GB');

/*Table structure for table `floors` */

DROP TABLE IF EXISTS `floors`;

CREATE TABLE `floors` (
  `id` int(11) NOT NULL AUTO_INCREMENT COMMENT '主键',
  `categoryid` int(11) DEFAULT NULL COMMENT '商品类别id',
  PRIMARY KEY (`id`),
  KEY `fk_floors_categoryid` (`categoryid`),
  CONSTRAINT `fk_floors_categoryid` FOREIGN KEY (`categoryid`) REFERENCES `category` (`id`)
) ENGINE=InnoDB AUTO_INCREMENT=4 DEFAULT CHARSET=utf8;

/*Data for the table `floors` */

insert  into `floors`(`id`,`categoryid`) values (1,1),(2,2),(3,3);

/*Table structure for table `floorscom` */

DROP TABLE IF EXISTS `floorscom`;

CREATE TABLE `floorscom` (
  `id` int(11) NOT NULL AUTO_INCREMENT COMMENT '主键',
  `floorsid` int(11) DEFAULT NULL COMMENT '楼层id',
  `colorandconfigureid` int(11) DEFAULT NULL COMMENT '颜色配置id',
  PRIMARY KEY (`id`),
  KEY `fk_floorscom_floorsid` (`floorsid`),
  KEY `fk_floorscom_colorandconfigureid` (`colorandconfigureid`),
  CONSTRAINT `fk_floorscom_colorandconfigureid` FOREIGN KEY (`colorandconfigureid`) REFERENCES `colorandconfigure` (`id`),
  CONSTRAINT `fk_floorscom_floorsid` FOREIGN KEY (`floorsid`) REFERENCES `floors` (`id`)
) ENGINE=InnoDB AUTO_INCREMENT=53 DEFAULT CHARSET=utf8;

/*Data for the table `floorscom` */

insert  into `floorscom`(`id`,`floorsid`,`colorandconfigureid`) values (1,1,1),(2,1,2),(3,1,32),(4,1,33),(5,1,6),(6,1,5),(7,1,7),(8,1,9),(9,1,8),(10,1,10),(11,1,11),(12,1,12),(13,1,13),(14,1,18),(15,1,69),(16,2,37),(17,2,24),(18,2,53),(19,2,105),(20,2,106),(21,2,108),(22,2,109),(23,2,110),(24,2,41),(25,2,112),(26,3,127),(27,3,128),(28,3,129),(29,3,130),(30,3,131),(31,3,132),(32,3,133),(33,3,134),(34,3,2),(36,1,2),(37,1,2),(38,1,2),(39,1,2),(40,1,2),(46,2,1),(47,1,6),(48,1,6),(49,1,84),(50,1,153),(51,1,157),(52,3,159);

/*Table structure for table `hot` */

DROP TABLE IF EXISTS `hot`;

CREATE TABLE `hot` (
  `id` int(11) NOT NULL AUTO_INCREMENT COMMENT '主键',
  `Image` varchar(113) DEFAULT NULL COMMENT '热销图片',
  `href` varchar(423) DEFAULT NULL COMMENT '链接地址',
  `Colorandconfigureid` int(11) DEFAULT NULL COMMENT '颜色配置id',
  PRIMARY KEY (`id`),
  KEY `fk_hot_Colorandconfigureid` (`Colorandconfigureid`),
  CONSTRAINT `fk_hot_Colorandconfigureid` FOREIGN KEY (`Colorandconfigureid`) REFERENCES `colorandconfigure` (`id`)
) ENGINE=InnoDB AUTO_INCREMENT=4 DEFAULT CHARSET=utf8;

/*Data for the table `hot` */

insert  into `hot`(`id`,`Image`,`href`,`Colorandconfigureid`) values (1,'img','http://',1),(2,'img','http://',2),(3,'img','http://',3);

/*Table structure for table `huser` */

DROP TABLE IF EXISTS `huser`;

CREATE TABLE `huser` (
  `id` int(11) NOT NULL AUTO_INCREMENT COMMENT '主键',
  `uName` varchar(44) NOT NULL COMMENT '用户名名称',
  `uPassword` varchar(44) NOT NULL COMMENT '用户名密码',
  `photo` varchar(255) DEFAULT NULL COMMENT '头像',
  `phone` varchar(44) NOT NULL COMMENT '手机号',
  `country` varchar(44) DEFAULT NULL COMMENT '国家地区',
  `birthday` timestamp NOT NULL DEFAULT CURRENT_TIMESTAMP ON UPDATE CURRENT_TIMESTAMP COMMENT '生日',
  `total` int(11) DEFAULT NULL COMMENT '积分',
  `onsaleCoupon` int(11) DEFAULT NULL COMMENT '优惠券',
  `cashCoupon` int(11) DEFAULT NULL COMMENT '代金券',
  `petal` int(11) DEFAULT NULL COMMENT '花瓣',
  `defaultAddress` int(11) DEFAULT NULL,
  `totalCheck` int(11) DEFAULT NULL,
  `totalPrice` float DEFAULT NULL,
  `youPrice` float DEFAULT NULL,
  PRIMARY KEY (`id`)
) ENGINE=InnoDB AUTO_INCREMENT=7 DEFAULT CHARSET=utf8;

/*Data for the table `huser` */

insert  into `huser`(`id`,`uName`,`uPassword`,`photo`,`phone`,`country`,`birthday`,`total`,`onsaleCoupon`,`cashCoupon`,`petal`,`defaultAddress`,`totalCheck`,`totalPrice`,`youPrice`) values (1,'王五','123123','logged-deng.png','1883288812','中国','2020-06-05 10:48:31',100,100,0,100,44,NULL,NULL,NULL),(2,'溜溜','123123','logged-deng.png','1883288812','中国','2020-05-04 15:01:14',100,100,0,100,1,NULL,NULL,NULL),(3,'小七','123123','logged-deng.png','1883288812','中国','2020-05-04 15:01:14',100,100,0,100,1,NULL,NULL,NULL),(4,'王五','123123','logged-deng.png','1883288812','中国','2020-05-04 15:01:14',100,100,0,100,1,NULL,NULL,NULL),(5,'溜溜','123123','logged-deng.png','1883288812','中国','2020-05-04 15:01:14',100,100,0,100,1,NULL,NULL,NULL),(6,'小七','123123','logged-deng.png','1883288812','中国','2020-05-04 15:01:14',100,100,0,100,1,NULL,NULL,NULL);

/*Table structure for table `indent` */

DROP TABLE IF EXISTS `indent`;

CREATE TABLE `indent` (
  `id` int(11) NOT NULL AUTO_INCREMENT COMMENT '主键',
  `huserid` int(11) DEFAULT NULL COMMENT '用户id',
  `Stateid` int(11) DEFAULT NULL COMMENT '订单状态',
  `checked` bit(1) DEFAULT NULL COMMENT '订单选中',
  `orderdate` datetime DEFAULT NULL COMMENT '下单时间',
  `addressId` int(11) DEFAULT NULL COMMENT '地址id',
  `payment` float DEFAULT NULL,
  `integral` int(11) DEFAULT NULL COMMENT '积分',
  PRIMARY KEY (`id`),
  KEY `fk_indent_huser` (`huserid`),
  KEY `fk_indent_State` (`Stateid`),
  KEY `fk_indent_addressId` (`addressId`)
) ENGINE=InnoDB AUTO_INCREMENT=52 DEFAULT CHARSET=utf8;

/*Data for the table `indent` */

insert  into `indent`(`id`,`huserid`,`Stateid`,`checked`,`orderdate`,`addressId`,`payment`,`integral`) values (38,1,6,'','2020-05-17 13:14:08',43,3299.99,100),(40,1,6,'','2020-05-17 13:28:40',43,3600.98,1),(41,1,5,'','2020-05-17 14:56:45',44,90937,137),(42,1,4,'','2020-05-19 14:12:29',44,1632.99,33),(43,1,3,'','2020-05-19 14:13:20',43,3640.98,41),(44,1,3,'','2020-05-19 14:16:21',45,3600.98,1),(45,1,2,'','2020-05-19 14:17:01',42,3630.98,31),(46,1,2,'','2020-05-19 14:20:48',42,3600.98,1),(47,1,2,'','2020-05-26 16:32:04',44,10792,392),(48,1,6,'','2020-05-26 16:53:13',43,12991,191),(49,1,3,'','2020-05-28 15:34:52',43,3809,209),(50,1,2,'','2020-05-28 15:48:31',43,3600.98,1),(51,1,3,'','2020-06-05 10:49:12',43,6940.97,141);

/*Table structure for table `indentdetail` */

DROP TABLE IF EXISTS `indentdetail`;

CREATE TABLE `indentdetail` (
  `id` int(11) NOT NULL AUTO_INCREMENT COMMENT '主键',
  `indentId` int(11) DEFAULT NULL COMMENT '订单id',
  `colorAndConfigureId` int(11) DEFAULT NULL COMMENT '颜色配置id',
  `isAppraise` bit(1) DEFAULT NULL COMMENT '是否评价',
  `comboId` int(11) DEFAULT NULL COMMENT '套餐id',
  `total` int(11) DEFAULT NULL,
  PRIMARY KEY (`id`),
  KEY `fk_indentDetail_indentId` (`indentId`),
  KEY `fk_indentDetail_colorAndConfigureId` (`colorAndConfigureId`),
  KEY `fk_indentDetail_comboId` (`comboId`),
  CONSTRAINT `fk_indentDetail_colorAndConfigureId` FOREIGN KEY (`colorAndConfigureId`) REFERENCES `colorandconfigure` (`id`),
  CONSTRAINT `fk_indentDetail_comboId` FOREIGN KEY (`comboId`) REFERENCES `combo` (`id`)
) ENGINE=InnoDB AUTO_INCREMENT=65 DEFAULT CHARSET=utf8;

/*Data for the table `indentdetail` */

insert  into `indentdetail`(`id`,`indentId`,`colorAndConfigureId`,`isAppraise`,`comboId`,`total`) values (1,10,9,'\0',8,1),(2,10,5,'\0',6,1),(3,10,135,'\0',1,1),(4,10,2,'\0',2,1),(5,11,9,'\0',8,1),(6,11,5,'\0',6,1),(7,11,135,'\0',1,1),(8,11,2,'\0',2,1),(9,12,9,'\0',8,1),(10,12,5,'\0',6,1),(11,12,135,'\0',1,1),(12,12,2,'\0',2,1),(13,13,9,'\0',8,1),(14,13,5,'\0',6,1),(15,13,135,'\0',1,12),(16,13,2,'\0',2,1),(17,14,9,'\0',8,1),(18,14,5,'\0',6,12),(19,14,135,'\0',1,12),(20,14,2,'\0',2,12),(21,15,142,'\0',1,12),(22,16,130,'\0',71,12),(23,16,108,'\0',106,12),(24,16,2,'\0',2,12),(25,16,1,'\0',1,12),(26,17,1,'\0',1,12),(27,18,105,'\0',33,12),(28,18,3,'\0',33,12),(29,19,32,'\0',3,10),(30,20,142,'\0',1,4),(31,20,2,'\0',2,1),(32,20,1,'\0',1,2),(33,21,145,'\0',1,1),(34,22,1,'\0',1,3),(35,23,135,'\0',1,1),(36,24,1,'\0',1,1),(37,26,2,'\0',2,1),(38,27,1,'\0',1,1),(39,27,24,'\0',61,1),(40,27,110,'\0',104,1),(41,28,7,'\0',7,1),(42,30,1,'\0',1,1),(43,31,2,'\0',2,1),(44,32,18,'\0',44,1),(45,33,6,'\0',5,1),(46,34,33,'\0',4,1),(47,35,13,'\0',13,1),(48,37,9,'\0',8,1),(49,38,80,'\0',60,1),(50,40,2,'\0',2,1),(51,41,153,'\0',119,7),(52,42,154,'\0',118,1),(53,43,18,'\0',44,1),(54,44,9,'\0',8,1),(55,45,12,'\0',12,1),(56,46,12,'\0',31,1),(57,47,2,'\0',2,3),(58,47,157,'\0',127,2),(59,48,153,'\0',118,1),(60,49,157,'\0',127,1),(61,49,158,'\0',127,1),(62,50,9,'\0',8,1),(63,51,134,'\0',67,1),(64,51,110,'\0',104,1);

/*Table structure for table `indentdispose` */

DROP TABLE IF EXISTS `indentdispose`;

CREATE TABLE `indentdispose` (
  `id` int(11) NOT NULL AUTO_INCREMENT COMMENT '主键',
  `indentid` int(11) DEFAULT NULL COMMENT '订单详细id',
  `disposeDate` datetime DEFAULT NULL COMMENT '处理时间',
  `disposeMessage` varchar(44) NOT NULL COMMENT '处理信息',
  PRIMARY KEY (`id`),
  KEY `fk_indentdispose_indentid` (`indentid`),
  CONSTRAINT `fk_indentdispose_indentid` FOREIGN KEY (`indentid`) REFERENCES `indent` (`id`)
) ENGINE=InnoDB DEFAULT CHARSET=utf8;

/*Data for the table `indentdispose` */

/*Table structure for table `indentstate` */

DROP TABLE IF EXISTS `indentstate`;

CREATE TABLE `indentstate` (
  `id` int(11) NOT NULL AUTO_INCREMENT COMMENT '主键',
  `sName` varchar(44) DEFAULT NULL COMMENT '1：代付款\n				  2：待收货\n				  3：已完成\n				  4：已取消',
  PRIMARY KEY (`id`)
) ENGINE=InnoDB AUTO_INCREMENT=8 DEFAULT CHARSET=utf8;

/*Data for the table `indentstate` */

insert  into `indentstate`(`id`,`sName`) values (1,'已下单'),(2,'未付款'),(3,'待发货'),(4,'待收货'),(5,'待评价'),(6,'已完成'),(7,'已取消');

/*Table structure for table `nominate` */

DROP TABLE IF EXISTS `nominate`;

CREATE TABLE `nominate` (
  `id` int(11) NOT NULL AUTO_INCREMENT COMMENT '主键',
  `href` varchar(423) DEFAULT NULL COMMENT '链接地址',
  `Colorandconfigureid` int(11) DEFAULT NULL COMMENT '颜色配置id',
  PRIMARY KEY (`id`),
  KEY `fk_nominate_Colorandconfigureid` (`Colorandconfigureid`),
  CONSTRAINT `fk_nominate_Colorandconfigureid` FOREIGN KEY (`Colorandconfigureid`) REFERENCES `colorandconfigure` (`id`)
) ENGINE=InnoDB AUTO_INCREMENT=4 DEFAULT CHARSET=utf8;

/*Data for the table `nominate` */

insert  into `nominate`(`id`,`href`,`Colorandconfigureid`) values (1,'http://',1),(2,'http://',2),(3,'http://',3);

/*Table structure for table `onemenu` */

DROP TABLE IF EXISTS `onemenu`;

CREATE TABLE `onemenu` (
  `id` int(11) NOT NULL AUTO_INCREMENT COMMENT '主键',
  `Category` int(11) DEFAULT NULL COMMENT '种类id',
  PRIMARY KEY (`id`),
  KEY `fk_linkage_Category` (`Category`),
  CONSTRAINT `fk_linkage_Category` FOREIGN KEY (`Category`) REFERENCES `category` (`id`)
) ENGINE=InnoDB AUTO_INCREMENT=11 DEFAULT CHARSET=utf8;

/*Data for the table `onemenu` */

insert  into `onemenu`(`id`,`Category`) values (1,1),(2,2),(3,3),(4,4),(5,5),(6,6),(7,7),(8,8),(9,9),(10,10);

/*Table structure for table `promotion` */

DROP TABLE IF EXISTS `promotion`;

CREATE TABLE `promotion` (
  `id` int(11) NOT NULL AUTO_INCREMENT COMMENT '主键',
  `title` varchar(44) NOT NULL COMMENT '促销标题',
  `content` varchar(44) NOT NULL COMMENT '促销内容',
  PRIMARY KEY (`id`)
) ENGINE=InnoDB AUTO_INCREMENT=16 DEFAULT CHARSET=utf8;

/*Data for the table `promotion` */

insert  into `promotion`(`id`,`title`,`content`) values (1,'一站式换新','APP专享，最高再享250元补贴'),(2,'限量送','10/12/14/16/20点限量送10000mAh移动电源（荣耀指定手机共享）'),(3,'赠送积分','购买即赠商城积分，积分可抵现~'),(4,'限量送','10:00-23:00每个整点限量送10000mAh移动电源（荣耀指定手机共享'),(5,'限时优惠','限时优惠200元'),(6,'积分双倍抵现','下单使用5000以内积分可双倍抵现'),(7,'以旧换新抵现','APP专享，最高补贴350元'),(8,'赠送积分','购买即赠商城积分，积分可抵现~'),(9,'限量送','10:00-23:00每个整点限量送10000mAh移动电源（荣耀指定手机共享'),(10,'限时优惠','限时优惠200元'),(11,'积分双倍抵现','下单使用5000以内积分可双倍抵现'),(12,'以旧换新抵现','APP专享，最高补贴350元'),(13,'分期免息','银联、掌上生活、工行分期支付可享免息（免息活动适用于单款免息商品订单，含多款商品订单'),(14,'分期免息','银联、掌上生活、工行分期支付可享免息（免息活动适用于单款免息商品订单，含多款商品订单'),(15,'商品赠券','赠送优酷VIP半年卡5折券+幸福西饼百元礼包+樊登读书14天VIP');

/*Table structure for table `promotionden` */

DROP TABLE IF EXISTS `promotionden`;

CREATE TABLE `promotionden` (
  `id` int(11) NOT NULL AUTO_INCREMENT COMMENT '主键',
  `promotionid` int(11) DEFAULT NULL COMMENT '促销id',
  `colorandconfigureid` int(11) DEFAULT NULL COMMENT '配置颜色id',
  PRIMARY KEY (`id`)
) ENGINE=InnoDB AUTO_INCREMENT=59 DEFAULT CHARSET=utf8;

/*Data for the table `promotionden` */

insert  into `promotionden`(`id`,`promotionid`,`colorandconfigureid`) values (1,1,1),(2,1,2),(3,1,3),(4,1,4),(5,1,5),(6,1,6),(7,1,7),(8,1,8),(9,1,9),(10,1,10),(11,1,11),(12,1,12),(13,1,13),(14,1,14),(15,1,15),(16,1,16),(17,1,17),(18,1,18),(19,1,19),(20,1,20),(21,2,2),(22,2,3),(23,2,4),(24,2,5),(25,2,6),(26,2,7),(27,2,8),(28,2,9),(29,2,10),(30,2,11),(31,2,12),(32,2,13),(33,2,14),(34,2,15),(35,2,16),(36,2,17),(37,2,18),(38,2,19),(39,2,20),(40,3,2),(41,3,3),(42,3,4),(43,3,5),(44,3,6),(45,3,7),(46,3,8),(47,3,9),(48,3,10),(49,3,11),(50,3,12),(51,3,13),(52,3,14),(53,3,15),(54,3,16),(55,3,17),(56,3,18),(57,3,19),(58,3,20);

/*Table structure for table `push` */

DROP TABLE IF EXISTS `push`;

CREATE TABLE `push` (
  `id` int(11) NOT NULL AUTO_INCREMENT COMMENT '主键',
  `Image` varchar(113) DEFAULT NULL COMMENT '推送图片',
  `href` varchar(423) DEFAULT NULL COMMENT '链接地址',
  `Colorandconfigureid` int(11) DEFAULT NULL COMMENT '颜色配置id',
  PRIMARY KEY (`id`),
  KEY `fk_push_Colorandconfigureid` (`Colorandconfigureid`),
  CONSTRAINT `fk_push_Colorandconfigureid` FOREIGN KEY (`Colorandconfigureid`) REFERENCES `colorandconfigure` (`id`)
) ENGINE=InnoDB AUTO_INCREMENT=4 DEFAULT CHARSET=utf8;

/*Data for the table `push` */

insert  into `push`(`id`,`Image`,`href`,`Colorandconfigureid`) values (1,'img','http://',1),(2,'img','http://',2),(3,'img','http://',3);

/*Table structure for table `returnappraise` */

DROP TABLE IF EXISTS `returnappraise`;

CREATE TABLE `returnappraise` (
  `id` int(11) NOT NULL AUTO_INCREMENT COMMENT '主键',
  `huserId` int(11) DEFAULT NULL COMMENT '用户id',
  `Appraiseid` int(11) DEFAULT NULL COMMENT '评论id',
  `Images` varchar(444) DEFAULT NULL COMMENT '图片',
  `Appraisetime` datetime DEFAULT NULL COMMENT '评论时间',
  `Content` varchar(444) DEFAULT NULL COMMENT '回复内容',
  `Tags` int(11) DEFAULT NULL COMMENT '点赞',
  PRIMARY KEY (`id`),
  KEY `fk_returnappraise_huserId` (`huserId`),
  KEY `fk_returnappraise_Appraiseid` (`Appraiseid`),
  CONSTRAINT `fk_returnappraise_Appraiseid` FOREIGN KEY (`Appraiseid`) REFERENCES `appraise` (`id`),
  CONSTRAINT `fk_returnappraise_huserId` FOREIGN KEY (`huserId`) REFERENCES `huser` (`id`)
) ENGINE=InnoDB AUTO_INCREMENT=4 DEFAULT CHARSET=utf8;

/*Data for the table `returnappraise` */

insert  into `returnappraise`(`id`,`huserId`,`Appraiseid`,`Images`,`Appraisetime`,`Content`,`Tags`) values (1,1,1,'img',NULL,'很好',11),(2,2,1,'img',NULL,'zhende?',11),(3,2,1,'img',NULL,'jiade?',11);

/*Table structure for table `series` */

DROP TABLE IF EXISTS `series`;

CREATE TABLE `series` (
  `id` int(11) NOT NULL AUTO_INCREMENT COMMENT '主键',
  `sName` varchar(44) NOT NULL COMMENT '系列细分名称',
  `image` varchar(44) DEFAULT NULL COMMENT '系列细分图片',
  `categoryId` int(11) DEFAULT NULL COMMENT '种类id',
  PRIMARY KEY (`id`),
  KEY `fk_series_categoryId` (`categoryId`),
  CONSTRAINT `fk_series_categoryId` FOREIGN KEY (`categoryId`) REFERENCES `category` (`id`)
) ENGINE=InnoDB AUTO_INCREMENT=79 DEFAULT CHARSET=utf8;

/*Data for the table `series` */

insert  into `series`(`id`,`sName`,`image`,`categoryId`) values (1,'HUAWEI P系列','homeimage/category/1-1.png',1),(2,'HUAWEI Mate系列','homeimage/category/1-2.png',1),(3,'HUAWEI nova系列','homeimage/category/1-3.png',1),(4,'华为畅享系列','homeimage/category/1-4.png',1),(5,'HUAWEI 麦芒系列','homeimage/category/1-5.png',1),(6,'荣耀 V系列','homeimage/category/1-6.png',1),(7,'荣耀 HONOR系列','homeimage/category/1-7.png',1),(8,'荣耀 X系列','homeimage/category/1-8.png',1),(9,'荣耀 Play系列','homeimage/category/1-9.png',1),(10,'华为Matebook X系列','homeimage/category/2-1.png',2),(11,'华为Matebook系列','homeimage/category/2-2.png',2),(12,'华为Matebook D系列','homeimage/category/2-3.png',2),(13,'华为Matebook E系列','homeimage/category/2-4.png',2),(14,'荣耀MagicBook系列','homeimage/category/2-5.png',2),(15,'荣耀MagicBook Pro系列','homeimage/category/2-6.png',2),(16,'华为MatePad 系列','homeimage/category/3-1.png',3),(17,'华为畅享 系列','homeimage/category/3-2.png',3),(18,'荣耀数字系列','homeimage/category/3-3.png',3),(19,'荣耀畅玩系列','homeimage/category/3-4.png',3),(20,'VR','homeimage/category/4-1.png',4),(21,'智能手表','homeimage/category/4-2.png',4),(22,'儿童手表','homeimage/category/4-3.png',4),(23,'智能手环','homeimage/category/4-4.png',4),(24,'智能健康配件','homeimage/category/4-5.png',4),(25,'智能路由','homeimage/category/5-1.png',5),(26,'移动路由','homeimage/category/5-2.png',5),(27,'智能音箱','homeimage/category/5-3.png',5),(28,'WIFI放大器','homeimage/category/5-4.png',5),(29,'智能存储','homeimage/category/5-5.png',5),(30,'电视盒子','homeimage/category/5-6.png',5),(31,'HiLink生态','homeimage/category/5-7.png',5),(32,'华为智慧屏','homeimage/category/6-1.png',6),(33,'荣耀智慧屏','homeimage/category/6-2.png',6),(34,'真无线耳机','homeimage/category/7-1.jpg',7),(35,'有线耳机','homeimage/category/7-2.png',7),(36,'蓝牙耳机','homeimage/category/7-3.jpg',7),(37,'蓝牙音箱','homeimage/category/7-4.jpg',7),(38,'智能眼镜','homeimage/category/7-5.png',7),(39,'智能音箱','homeimage/category/7-6.png',7),(40,'穿戴配件','homeimage/category/8-1.jpg',8),(41,'电视盒子专属配件','homeimage/category/8-2.png',8),(42,'智慧屏配件','homeimage/category/8-3.png',8),(43,'平板配件','homeimage/category/8-4.png',8),(44,'个人电脑配件','homeimage/category/8-5.png',8),(45,'贴膜','homeimage/category/8-6.png',8),(46,'保护套','homeimage/category/8-7.png',8),(47,'保护壳','homeimage/category/8-8.png',8),(48,'生活周边','homeimage/category/8-9.png',8),(49,'智能硬件','homeimage/category/8-10.png',8),(50,'摄像机/镜头','homeimage/category/8-11.png',8),(51,'自拍杆/支架','homeimage/category/8-12.png',8),(52,'充电器/线材','homeimage/category/8-13.png',8),(53,'移动电源','homeimage/category/8-14.png',8),(54,'个护美妆','homeimage/category/9-1.png',9),(55,'影音娱乐','homeimage/category/9-2.png',9),(56,'厨电卫浴','homeimage/category/9-3.png',9),(57,'户外出行','homeimage/category/9-4.png',9),(58,'运动健身','homeimage/category/9-5.png',9),(59,'健康保健','homeimage/category/9-6.png',9),(60,'安防门锁','homeimage/category/9-7.png',9),(61,'环境卫士','homeimage/category/9-8.png',9),(62,'数码周边','homeimage/category/9-9.png',9),(63,'生活电器','homeimage/category/9-10.png',9),(64,'智能灯光','homeimage/category/9-11.png',9),(65,'AI 计算平台','homeimage/category/10-1.png',10),(66,'服务器','homeimage/category/10-2.png',10),(67,'电池更换服务','homeimage/category/10-3.png',10),(68,'华为云空间','homeimage/category/10-4.png',10),(69,'华为音乐卡','homeimage/category/10-5.png',10),(70,'花币卡','homeimage/category/10-6.png',10),(71,'华为视频卡','homeimage/category/10-7.png',10),(77,'超级细分','homeimage/category/4.png',23),(78,'超级细分2','homeimage/category/3.jpg',10);

/*Table structure for table `shoppingcart` */

DROP TABLE IF EXISTS `shoppingcart`;

CREATE TABLE `shoppingcart` (
  `id` int(11) NOT NULL AUTO_INCREMENT COMMENT '主键',
  `colorAndConfigureId` int(11) DEFAULT NULL COMMENT '商品颜色跟配置id，外键',
  `total` int(11) DEFAULT NULL COMMENT '商品数量',
  `totalPrice` float DEFAULT NULL,
  `checked` bit(1) DEFAULT NULL COMMENT '选中商品',
  `comboId` int(11) DEFAULT NULL COMMENT '套餐id',
  `huserid` int(11) DEFAULT NULL COMMENT '用户id',
  PRIMARY KEY (`id`),
  KEY `fk_shopping_colorAndConfigureId` (`colorAndConfigureId`),
  KEY `fk_shopping_comboId` (`comboId`),
  KEY `fk_shopping_huserid` (`huserid`),
  CONSTRAINT `fk_shopping_colorAndConfigureId` FOREIGN KEY (`colorAndConfigureId`) REFERENCES `colorandconfigure` (`id`),
  CONSTRAINT `fk_shopping_comboId` FOREIGN KEY (`comboId`) REFERENCES `combo` (`id`),
  CONSTRAINT `fk_shopping_huserid` FOREIGN KEY (`huserid`) REFERENCES `huser` (`id`)
) ENGINE=InnoDB AUTO_INCREMENT=5 DEFAULT CHARSET=utf8;

/*Data for the table `shoppingcart` */

insert  into `shoppingcart`(`id`,`colorAndConfigureId`,`total`,`totalPrice`,`checked`,`comboId`,`huserid`) values (1,161,5,117349,'\0',129,1),(4,159,1,12555,'\0',129,1);

/*Table structure for table `twomenu` */

DROP TABLE IF EXISTS `twomenu`;

CREATE TABLE `twomenu` (
  `id` int(11) NOT NULL AUTO_INCREMENT COMMENT '主键',
  `oneMenuid` int(11) DEFAULT NULL COMMENT '一级菜单',
  `seriesid` int(11) DEFAULT NULL COMMENT '细分id',
  PRIMARY KEY (`id`),
  KEY `fk_linkage_oneMenuid` (`oneMenuid`),
  KEY `fk_linkage_seriesid` (`seriesid`),
  CONSTRAINT `fk_linkage_oneMenuid` FOREIGN KEY (`oneMenuid`) REFERENCES `onemenu` (`id`),
  CONSTRAINT `fk_linkage_seriesid` FOREIGN KEY (`seriesid`) REFERENCES `series` (`id`)
) ENGINE=InnoDB AUTO_INCREMENT=72 DEFAULT CHARSET=utf8;

/*Data for the table `twomenu` */

insert  into `twomenu`(`id`,`oneMenuid`,`seriesid`) values (1,1,1),(2,1,2),(3,1,3),(4,1,4),(5,1,5),(6,1,6),(7,1,7),(8,1,8),(9,1,9),(10,2,10),(11,2,11),(12,2,12),(13,2,13),(14,2,14),(15,2,15),(16,3,16),(17,3,17),(18,3,18),(19,3,19),(20,4,20),(21,4,21),(22,4,22),(23,4,23),(24,4,24),(25,5,25),(26,5,26),(27,5,27),(28,5,28),(29,5,29),(30,5,30),(31,5,31),(32,6,32),(33,6,33),(34,7,34),(35,7,35),(36,7,36),(37,7,37),(38,7,38),(39,7,39),(40,8,40),(41,8,41),(42,8,42),(43,8,43),(44,8,44),(45,8,45),(46,8,46),(47,8,47),(48,8,48),(49,8,49),(50,8,50),(51,8,51),(52,8,52),(53,8,53),(54,9,54),(55,9,55),(56,9,56),(57,9,57),(58,9,58),(59,9,59),(60,9,60),(61,9,61),(62,9,62),(63,9,63),(64,9,64),(65,10,65),(66,10,66),(67,10,67),(68,10,68),(69,10,69),(70,10,70),(71,10,71);

/*!40101 SET SQL_MODE=@OLD_SQL_MODE */;
/*!40014 SET FOREIGN_KEY_CHECKS=@OLD_FOREIGN_KEY_CHECKS */;
/*!40014 SET UNIQUE_CHECKS=@OLD_UNIQUE_CHECKS */;
/*!40111 SET SQL_NOTES=@OLD_SQL_NOTES */;
